node_id,current_ratio,debt_to_equity,ebitda_margin,interest_coverage,nwc_to_revenue,dio,dso,dpo,ccc,inventory_turnover,otif_rate,lead_time_mean,lead_time_std,lead_time_variability_ratio,total_orders_log,country_risk_score,disaster_risk_score,safety_stock_inflation_buffer,freight_cost_ratio,fill_rate_proxy,in_degree,out_degree,total_degree,betweenness_centrality,pagerank_centrality,clustering_coefficient,supplier_hhi_concentration,customer_hhi_concentration,is_hub_node,downstream_tier_exposure,port_congestion_index,port_throughput_volatility,freight_rate_shock_pctile,seasonal_sin_cycle,seasonal_cos_cycle,port_berth_load,macro_fuel_surcharge_idx,customs_dwell_variance,ais_vessel_queue_count,trade_lane_stress_score,baseline_financial_pd,sc_adjusted_pd,working_capital_velocity_index,trfsi_score,risk_adjusted_lc_spread_bps,working_capital_stress_flag,covenant_breach_probability,expected_loss_given_default,supply_chain_risk_exposure_index,target_default_12m
SUP_000,2.508644177905972,0.8851611587768273,0.11432390588171067,1.6241247805516643,0.32607962293788817,107.23955548343724,144.41512313063532,107.20482879384102,144.44984982023155,3.403594861565543,0.9696479388059924,18.152504221744152,5.214369303892167,0.28725344118890683,7.930206206684683,62.85800494337588,0.5870706444239219,6.674392708981974,0.10762370407793381,1.0,0,2,2,0.0,0.0029631890382721786,0,0.305,0.38,0,182.0114602852127,5.3140868506209324,4583.352028509074,0.7424657534246575,0.04514101777397193,-0.9989806246941579,0.8968286309423863,1.2260749574443093,0.7530905750130407,18,0.902641561774422,0.03979590478161767,0.04867411946494126,0.09631640021036515,0.48196727644454185,219.03353759223566,1,0.9998302868595097,0.4,42.75532131006801,0
SUP_001,1.739066539447161,2.756829449151946,0.035647230167518376,0.8645722095051511,0.1479895768107617,13.566418359945887,60.1490912930079,19.137297491576874,54.57821216137691,26.90466933244832,0.9739554393180092,10.318085746961732,1.4240964623239545,0.13801944442488226,6.811244378601294,53.0576538140926,0.2825571388896617,1.8228434717746618,0.09273695422083705,1.0,0,1,1,0.0,0.0029631890382721786,0,0.305,0.38,0,134.60054279009734,4.695579664371984,4629.376577774525,0.8273972602739726,0.04514101777397193,-0.9989806246941579,0.8718940817492329,1.374464986382749,4.099244517039663,11,0.8832565965741848,0.23025952209673609,0.25328547430640974,-0.13915704789925787,0.4048854447043898,1139.784634378844,0,0.07224373249038621,0.6000000000000001,29.699775692326895,0
SUP_002,1.1932665345426916,0.436364122398642,0.04137183629340896,1.2048204309652146,0.0435599035590461,67.08050856225132,133.9884559400067,46.04071401499227,155.02825048726578,5.441222909949716,0.8758107877498476,19.32246690461725,6.863075191239283,0.3551862826376118,7.307872780763706,70.86152009665597,0.1867054505258659,8.784736244786282,0.18471696994830286,0.8881395593177939,0,1,1,0.0,0.0029631890382721786,0,0.305,0.38,0,103.15044860077204,4.639874291728865,4629.635675569141,0.863013698630137,0.04514101777397193,-0.9989806246941579,0.9308173776105552,1.2443278340803638,2.6812351210943643,15,0.8954942784879549,0.05747631100069515,0.06953595854640567,0.21776819304266218,0.5402483711428606,312.9118134588255,1,0.9999547621553206,0.6000000000000001,33.945771554438366,0
SUP_003,0.30939111313465273,0.3647720343025884,0.06456059867968703,8.501530868709349,-0.15357276573973921,7.485035941955786,23.223616934015375,26.114320761006333,4.594332114964828,48.76396089884748,0.9453767657689428,29.559347245894717,4.991854014708829,0.16887565118347161,7.776115477098742,57.85747278347103,0.4988439076577192,6.389573138827301,0.06854052441333493,0.9908184303509705,0,2,2,0.0,0.0029631890382721786,0,0.305,0.38,0,391.3567058555653,4.463936419022188,4650.552407676801,0.6301369863013698,0.04514101777397193,-0.9989806246941579,0.98,1.20571742961426,1.0552892753266718,21,0.7614621350529037,0.08014705740043626,0.08415441027045807,-0.3431071332554258,0.42453374838150704,378.69484621706135,0,0.00015060363582779126,0.6000000000000001,38.10830634311999,0
SUP_004,0.9752230209984767,0.599716626534622,0.13380206265905892,3.12675649063092,-0.0032470741605760485,18.505759752816193,34.09193172137666,77.3328678650188,-24.73517639082594,19.723589027165154,0.8278722531273858,28.42298572266869,5.458688336194039,0.19205189734308856,7.993619994827744,52.24310951419263,0.0576289339921361,6.987121070328371,0.07959813533067055,0.8542208919232308,0,3,3,0.0,0.0029631890382721786,0,0.305,0.38,0,498.3556855686743,4.897220391626064,4660.607602339555,0.7780821917808219,0.04514101777397193,-0.9989806246941579,0.9017517901971978,1.186976771354529,2.128085731170785,17,0.8787631350530174,0.06486391013870933,0.0788993732136678,-0.5256276519339452,0.5095225777505213,355.0471794615051,0,3.85206611283479e-06,0.6000000000000001,22.626111825441136,0
SUP_005,1.179682235401596,0.19044806840179007,0.13436888524970036,5.9844252946801015,0.028525774422923283,35.323189852402265,65.29331756434951,25.805522744539093,74.81098467221268,10.333155117789483,0.9002085634398171,22.43556042898357,2.317801247659153,0.10330926454883121,7.0587581525186645,55.42674972830099,0.6408018437147049,2.966785597003716,0.06787993726086515,0.93695514475776,0,1,1,0.0,0.0029631890382721786,0,0.305,0.38,0,198.63477208810465,3.672694175461279,4717.2153222583065,0.8767123287671232,0.04514101777397193,-0.9989806246941579,0.8923148398826823,1.2876257098336816,2.775200736003493,17,0.8056255819296896,0.04315986465575356,0.04747585112132892,-0.06832554633114334,0.41403669059814524,213.64133004598014,0,0.494093545767989,0.4,41.394755202761544,0
SUP_006,3.200598790517957,0.40324893186353555,0.13872978071068534,6.0149708328633364,0.1853938079971066,113.56470590178819,15.228100141617226,321.0037540420994,-192.21094799869397,3.2140267268922034,0.9194174373434518,24.355323293685405,5.055225183625185,0.20756140752752197,7.707512194600341,26.88549631630204,0.1409416229526041,6.470688235040237,0.013517856217470824,0.9584488788293928,0,3,3,0.0,0.0029631890382721786,0,0.305,0.38,0,566.1895559084444,5.627546318052153,5225.2170186462645,0.6520547945205479,0.04514101777397193,-0.9989806246941579,0.8385036788445972,1.4012668622523015,2.2672166482160323,13,0.8887820290654893,0.018999207742725423,0.022527960074822474,-1.5000730638001631,0.4771988359657756,101.37582033670114,0,3.118673948824551e-15,0.4,14.98244721509894,0
SUP_007,0.9965106782514763,0.5352330642529416,0.30292588066537307,5.703932754552195,-0.003598950055932457,98.23031319678834,188.56246841163508,21.079332161458446,265.71344944696494,3.715757265975344,0.9105842044212112,25.60156131138151,2.485424498162063,0.09708097361457149,7.764720544771477,56.0805217046486,0.4898427776178048,3.1813433576474406,0.3211500031848599,0.934579035011872,0,1,1,0.0,0.0029631890382721786,0,0.305,0.38,0,36.8762457162002,5.554503322142935,5222.370564139618,0.8191780821917808,0.04514101777397193,-0.9989806246941579,0.7956755693706316,1.2029951745107963,2.7162395514372326,26,0.9650393733101839,0.05051833191511361,0.06326324061410125,0.6832624095315797,0.466793785901947,284.68458276345564,1,0.9999999999556621,0.6000000000000001,37.12749201039359,1
SUP_008,0.28380611512252857,0.10593032796676516,0.06633582072020666,1.2038481997504569,-0.1978583100973551,103.21013078203798,89.24466516712894,127.36097500122115,65.09382094794576,3.53647454212433,0.9073446806240972,26.52334817292759,4.163010040841249,0.15695642999892592,7.731492029245684,52.63326387674906,0.1248284341468342,5.328652852276799,0.038751007559460905,0.9195064978937171,0,1,1,0.0,0.0029631890382721786,0,0.305,0.38,0,130.87738104683223,3.529683511543022,5223.239587507192,0.8054794520547945,0.04514101777397193,-0.9989806246941579,0.8525272872885824,1.2824663766419364,2.1645466356762486,17,0.7557080771816995,0.06680964302295789,0.08446309108649651,-0.23942880911485195,0.42670005060970995,380.0839098892343,0,0.2247368458908019,0.6000000000000001,24.79815857510465,0
SUP_009,5.347518733434702,1.0824071415000638,0.08400364267721075,4.011182424758867,0.3925642111181418,80.39385383895664,45.07680867684048,17.425976015762675,108.04468650003446,4.540148065686223,0.8235230169847171,10.045794076108908,4.90567428177486,0.48833116074334276,7.273092595999522,51.263237842598045,0.4353953155431364,6.279263080671821,0.145405555917603,0.8705467545418102,0,1,1,0.0,0.0029631890382721786,0,0.305,0.38,0,89.36765894852513,5.247647376275314,5227.098891640087,0.8438356164383561,0.04514101777397193,-0.9989806246941579,0.7383825623272204,1.3155288065409174,2.575976158285273,14,0.9466825458467094,0.012025374868752572,0.01715725664193095,0.07467798669268966,0.5280354445177788,77.20765488868926,1,0.9841808091024399,0.4,33.56715460333331,0
SUP_010,1.1598218584759499,0.2530045363216371,0.5822644140302622,15.970580268537832,0.1906570428030456,65.27271375921242,273.6254076833334,58.49057983928339,280.4075416032624,5.591923163275632,0.883096827364938,23.299144263217173,5.899328815526149,0.2531993771479212,6.80903930604298,83.82799737899944,0.1759051969138456,7.5511408838734715,0.37544517366901364,0.9213649400650933,0,2,2,0.0,0.0029631890382721786,0,0.305,0.38,0,63.347294013868606,3.637963907403756,5221.106496215538,0.7452054794520548,0.04514101777397193,-0.9989806246941579,0.7535783118609704,1.3054198572925382,3.5780880393274823,11,0.736399130466403,0.027219506369575347,0.030701279737438764,0.6879068433160173,0.4549973174596806,138.15575881847442,1,0.9999999999929354,0.4,38.80835485901515,0
SUP_011,1.002311860373433,0.11822860018647825,0.16197989017748932,4.815541538018593,0.00029827224014787514,50.27240968276198,16.3045378161062,76.34166588427115,-9.764718385402972,7.26044369671732,0.7325234836692319,22.136434389774216,3.853862735752654,0.17409591210104375,7.403670290012373,61.351528706035126,0.5213909708481392,4.932944301763397,0.0644014581869564,0.7523490345389195,0,1,1,0.0,0.0029631890382721786,0,0.305,0.38,0,168.52352017990074,3.908146982509309,5248.4680831207015,0.7095890410958904,0.04514101777397193,-0.9989806246941579,0.6949303740390809,1.3690299672486854,3.006776501540108,15,0.7456092187988761,0.043068129959377435,0.06901364406674713,-0.46431642741782625,0.44475496264300507,310.5613983003621,0,2.502551073452432e-05,0.6000000000000001,40.18234060785823,0
SUP_012,2.6567836228158095,0.6374410043652046,0.06935728102945227,3.6198974593661037,0.5947346432387657,125.11087659569179,152.02386973157624,74.30345783070777,202.83128849656026,2.9174122181202016,0.9327757723145408,20.90254002815156,5.5953249533764735,0.26768636471168983,7.938088726896952,80.42509998691946,0.5195491639108027,7.162015940321886,0.21627684831023486,0.9592797469371557,0,2,2,0.0,0.0029631890382721786,0,0.305,0.38,0,82.60102873241944,4.860658803160741,5494.371960176873,0.6904109589041096,0.04514101777397193,-0.9989806246941579,0.7129384948259501,1.3290935747259025,2.6823879414251235,24,0.8312713597681289,0.03224338418255101,0.040481757533517765,0.36859481210362066,0.4680771424412747,182.16790890082996,1,0.9999998850663897,0.4,47.756514912091866,0
SUP_013,1.4125698881545081,0.7940060886174064,0.7583129554351371,23.591487032985466,0.3303036331014621,21.890584370338306,205.45852212598265,33.223183450861754,194.12592304545922,16.673835372552876,0.9205926352939028,28.00658422418472,6.115342299609645,0.21835373605928068,7.31986492980897,20.456898247885245,0.084368150646574,7.827638143500345,0.5526571878394595,0.9557472508059704,0,3,3,0.0,0.0029631890382721786,0,0.305,0.38,0,90.3134958447534,3.6752584347295634,5671.448159851341,0.8958904109589041,0.04514101777397193,-0.9989806246941579,0.6785153174204768,1.1735279670296164,1.656358215720061,26,0.8154710489524084,0.02985608891331544,0.02985608891331544,0.38439046000870586,0.4907949668886731,134.35240010991947,1,0.9999996587807901,0.4,10.713803818551318,0
SUP_014,0.5779638170003497,0.5587477063492072,0.18332848219224943,4.404556611007052,-0.12869879263917633,141.16641103017918,223.90097043925326,137.84273146009676,227.2246500093357,2.585600904183706,0.8757448010168307,13.490016396689134,2.913283274610375,0.21595846802123864,6.646390514847729,69.36088705716764,0.319843905470324,3.7290025915012803,0.06748367564433713,0.9167726193390953,0,2,2,0.0,0.0029631890382721786,0,0.305,0.38,0,121.08053281665632,5.203567422158573,5542.979994509853,0.9041095890410958,0.04514101777397193,-0.9989806246941579,0.6904052733912867,1.3460383039212394,0.8140228056254644,9,0.9724115367364052,0.07162590758719535,0.09672306716270378,0.37841204225391495,0.4912689623246654,435.253802232167,1,0.9999999945523486,0.6000000000000001,37.33967198697678,0
SUP_015,4.20632158590627,0.7468128164833633,0.08424070240156356,1.9764542070880375,0.26387803024374923,233.39145067751758,9.692585085176352,51.3101102633514,191.77392549934254,1.5638961878870579,0.7296215018008405,24.113872100437977,4.654419677476472,0.1930183447142002,7.824845691026856,28.31923355468312,0.5792813685692361,5.957657187169884,0.018380637859515214,0.7666622653296185,0,3,3,0.0,0.0029631890382721786,0,0.305,0.38,0,479.4237007557978,5.284590297012224,5574.506398951408,0.8684931506849315,0.04514101777397193,-0.9989806246941579,0.5945953694895968,1.4264481187303886,3.331512342428116,15,0.9627056050436882,0.01619381737899222,0.02926021590159853,0.3628995856545482,0.549248041256022,131.67097155719338,1,0.9999995421577503,0.4,28.706134478950332,0
SUP_016,4.41326190604608,1.609350635564864,0.14493056290662568,4.791127280932872,0.5022409907285865,65.02049439085594,104.90862596899987,36.14585341135247,133.78326694850333,5.613614652110845,0.9734938908388542,21.387599999322266,3.4018901441469582,0.15905899419545708,7.210079628170788,27.41622601771567,0.1407480972409607,4.354419384508106,0.17842766422390108,1.0,0,1,1,0.0,0.0029631890382721786,0,0.305,0.38,0,90.82061238144648,4.208195305309597,5568.679689262561,0.8136986301369863,0.04514101777397193,-0.9989806246941579,0.5938477757910584,1.4150023633912645,2.000477467453229,19,0.8276688455994529,0.02677707332916299,0.03014453191499543,0.14849042266982493,0.4240505179352507,135.65039361747944,1,0.9993564765557283,0.4,15.18893332431509,0
SUP_017,0.39518837271535673,2.5464606287199065,0.41875486505734205,5.813749242275051,-0.3977526332295978,183.36769199209184,143.2420193758131,99.705198685724,226.90451268218095,1.9905360428255892,0.7749723812108557,12.975235134978696,6.535587986957927,0.5036970751566004,7.290292882446597,47.86098555308092,0.1345757765130615,8.365552623306147,0.10183488417922863,0.8030962978107057,0,1,1,0.0,0.0029631890382721786,0,0.305,0.38,0,60.55704739122232,3.506406348617415,5424.387052188484,0.7342465753424657,0.04514101777397193,-0.9989806246941579,0.5518835299056436,1.3376774583315518,2.499343356012169,18,0.7177639225329744,0.2381350205803676,0.41492180515600413,0.43111639180519656,0.48200314953421336,1867.1481232020185,1,0.9999999943299283,0.6000000000000001,23.181667516624216,1
SUP_018,2.531188378340206,2.265909132263912,0.0985076645054485,1.8705666061712745,0.20574460070867598,37.275474099040544,91.263232903171,99.13130467942615,29.407402322785387,9.791961304910537,0.7246733271025098,25.29812038644873,2.4685918274566383,0.09758004902130879,7.934155233536322,36.81035426772252,0.1488238120593775,3.1597975391444972,0.03984107136385203,0.7431491515246915,0,1,1,0.0,0.0029631890382721786,0,0.305,0.38,0,139.55382461097514,3.838327342711855,5303.330405042974,0.8876712328767123,0.04514101777397193,-0.9989806246941579,0.5786070526909534,1.2238389148509408,3.915442539301624,15,0.8276683507095417,0.11194002127843532,0.18201223789074586,-0.3436819539633049,0.46069643634272384,819.0550705083564,0,0.0033378840960776425,0.6000000000000001,19.188856068870336,0
SUP_019,1.34238276781413,0.3786260759154779,0.43435571806605366,5.8161246989798405,0.1733121135810538,48.40995291810774,48.61510875345505,64.93586545983314,32.08919621172964,7.539771844385988,0.9307738695018988,20.155299525219952,1.7931570337918967,0.08896702485359509,6.853299093186078,42.3381075195917,0.219458539211907,2.295241003253628,0.18841539449764744,0.9480523060648474,0,1,1,0.0,0.0029631890382721786,0,0.305,0.38,0,79.43871167686956,4.459529494363738,5329.846245328894,0.7753424657534247,0.04514101777397193,-0.9989806246941579,0.6262065472079694,1.2769505455988148,0.8101770082117524,19,0.8336241823130861,0.0326246833568519,0.03588715169253709,-0.2864184100209412,0.3996275155165452,161.4921826164169,0,0.004661013415529348,0.4,23.51899918419389,0
SUP_020,0.6032318154837254,0.5982678784998522,0.05649428732821295,1.6584348816099053,-0.1068211350889706,34.652455480666255,79.65324324515761,31.095286447611212,83.21041227821266,10.533164098678245,0.8913984479219493,20.707054049385462,5.197869230566914,0.25101925257789987,7.507141079727608,71.86442037503312,0.2875822835974729,6.65327261512565,0.17370748131910949,0.9142540462914741,0,3,3,0.0,0.0029631890382721786,0,0.305,0.38,0,270.99331743135116,7.473163467974408,5296.943878801094,0.8164383561643835,0.04514101777397193,-0.9989806246941579,0.6579456202646017,1.357291245961788,3.1731210078566576,27,1.0,0.08387734159131326,0.08604176755691165,-0.042882485738014044,0.5913480054471486,387.1879540061024,1,0.7361982431988766,0.6000000000000001,37.37323665793743,0
SUP_021,0.6505771712826468,1.5579061736551083,0.18653591998284716,21.63802248043476,-0.07512902349925857,25.401657521501342,56.80669530552071,80.06820058951354,2.1401522375085165,14.369141056682784,0.7446347654296288,12.052946463236577,6.832135173049584,0.5668435675781597,7.323170717943469,62.52901590112252,0.1412625699333637,8.745133021503467,0.05995522618935469,0.7694935688004974,0,2,2,0.0,0.0029631890382721786,0,0.305,0.38,0,369.4324246265356,4.499165749089063,5658.311935936687,0.8356164383561644,0.04514101777397193,-0.9989806246941579,0.5924200099695096,1.1512423115658321,0.967609397610885,20,0.8677247940869885,0.14150974432122157,0.21454231539866217,-0.424526244525622,0.5540906611822243,965.4404192939799,0,0.00011082127408252499,0.6000000000000001,29.24948345844992,0
SUP_022,0.8053305442064855,0.30168501971767764,0.24221027837675702,4.819486934710885,-0.08587043459783186,15.189311861876217,131.09275655608988,71.73651724838442,74.54555116958167,24.03005503600967,0.7747340720396096,29.93571945579656,7.372629484483488,0.24628202089380216,7.486613313139955,62.648711171337744,0.1278958693710305,9.436965740138865,0.12599647895765076,0.8008371307880956,0,3,3,0.0,0.0029631890382721786,0,0.305,0.38,0,297.77464591890845,3.800839697010117,5660.172487217439,0.8575342465753425,0.04514101777397193,-0.9989806246941579,0.7053125081614114,1.31224506770662,2.7097137618837324,27,0.808851092988683,0.04964350573091588,0.06829942516868628,-0.13257502396626375,0.5399187263209375,307.3474132590883,0,0.4858022917657167,0.6000000000000001,28.896360549666014,0
SUP_023,0.6577174490653777,0.6554476160654842,0.22488159974445884,23.298447342851716,-0.10489483245697855,36.1573414488839,85.00056080902758,87.43161317006852,33.72628908784296,10.09476873503007,0.9478734153296496,27.82851223704228,5.305507887850483,0.1906500729416778,7.5595594960077,40.41395167452758,0.20259318870699,6.791050096448619,0.023801517390577724,0.9692437501902257,0,3,3,0.0,0.0029631890382721786,0,0.305,0.38,0,430.9049387445157,4.50513752794155,5655.077108125608,0.821917808219178,0.04514101777397193,-0.9989806246941579,0.7567713964788769,1.1292898013158192,2.398336485115575,11,0.8614726569037441,0.07080700330699487,0.07080700330699487,-0.311158028665384,0.4796947402238285,318.6315148814769,0,0.00571338487791755,0.6000000000000001,22.243376331020734,0
SUP_024,0.4149288903055123,0.3257959858416902,0.15769867147357752,13.613559276519606,-0.1209015678908886,42.78435907675582,26.243016667485115,11.770421992026796,57.256953752214145,8.531155026657855,0.8941359805753364,22.32524686739683,5.111849975114116,0.22897171106221087,7.377133712833954,42.90437152962754,0.5548685318508559,6.543167968146069,0.1021634814862814,0.9266804180493252,0,2,2,0.0,0.0029631890382721786,0,0.305,0.38,0,334.931837753726,4.276497006777671,4605.4517439131505,0.8712328767123287,0.04514101777397193,-0.9989806246941579,0.7394849915385208,1.2411083388685193,2.923058413658156,13,0.8632661390339315,0.06685303139949847,0.07137176539364633,-0.11712598410625581,0.49089541780251567,321.1729442714085,0,0.09815624125238492,0.6000000000000001,33.80780456737669,0
SUP_025,0.7862225913009356,0.3657027766330452,0.2884559955668945,13.827742556184447,-0.06809873519003766,45.9382221454171,26.711439368300987,40.81354282601898,31.836118687699106,7.945453327396851,0.7677733342660417,9.59875917542036,1.6855914752942025,0.17560514275746325,7.291656209174461,42.12470602333387,0.5698319085508052,2.157557088376579,0.17968255493930274,0.8058089313348094,0,2,2,0.0,0.0029631890382721786,0,0.305,0.38,0,209.66338026333923,5.0134252301294655,4548.015525807241,0.8383561643835616,0.04514101777397193,-0.9989806246941579,0.8438397906279019,1.2490596924275572,3.0635707878838123,18,0.9205206052047274,0.049892887579933515,0.07217904246453169,-0.2549457228321947,0.4652160868030974,324.8056910903926,0,0.004516527098693968,0.6000000000000001,33.94483966585771,0
SUP_026,1.157576549169798,0.23263486970823483,0.06718382661399416,0.5805061905867506,0.11104523542366006,21.264290404514885,193.91681642260113,61.820609731971146,153.36049709514486,17.16492735268995,0.9791382489109514,27.958290675528257,5.4256135650067545,0.19406098992152496,7.40184157874383,56.428641013728594,0.1165936815280886,6.944785363208646,0.13726545458765813,0.9937638709113984,0,3,3,0.0,0.0029631890382721786,0,0.305,0.38,0,176.3861291473192,3.613147017295829,4375.865931906275,0.9068493150684932,0.04514101777397193,-0.9989806246941579,0.7424972936674851,1.1207459367169024,2.181604733174767,19,0.8147393592638295,0.048646725528070665,0.048646725528070665,0.18734723731523859,0.4658570958904221,218.910264876318,1,0.9999442770162467,0.4,26.0692668513341,0
SUP_027,4.8641531567791,1.855600785573141,0.2629325822769976,3.8082294796122764,0.4652468941612783,117.01054431592316,84.37826607029865,47.99228203163308,153.39652835458872,3.119376994046935,0.9103098304715618,10.803987107303117,5.658436455882898,0.5237359504120468,7.719129840906732,83.23046098798558,0.5456234309999431,7.24279866353011,0.0976434171933319,0.9556138515229348,0,2,2,0.0,0.0029631890382721786,0,0.305,0.38,0,200.93999577031312,4.931408480736483,4293.632871680634,0.9123287671232877,0.04514101777397193,-0.9989806246941579,0.7487777612957992,1.3302700047919285,1.8942526509947066,22,0.9493052316352921,0.022684779491159303,0.028175438311530986,0.2116456918658306,0.5317882516299444,126.78947240188944,1,0.9999445274091885,0.4,49.660887325192526,1
SUP_028,1.4945286315143143,0.809348177692236,0.06312605627016737,6.343340256687182,0.09393475017091162,78.72906980034594,65.0292544625495,39.67439858608608,104.08392567680934,4.636152833072037,0.9013852170193016,9.014718415386143,4.773175913492129,0.529486967152004,6.666956792429207,38.448849056528815,0.5447208848522193,6.109665169269926,0.11246903879165285,0.9250681671290697,0,3,3,0.0,0.0029631890382721786,0,0.305,0.38,0,437.63030256814994,4.27928601906989,4305.025757061206,0.8794520547945206,0.04514101777397193,-0.9989806246941579,0.7492317753986573,1.1039133240971732,3.654435157735342,11,0.8676546293042493,0.0644323849667851,0.07029078001314255,0.029131483181441764,0.4848244992320585,316.3085100591415,1,0.9743065704777741,0.6000000000000001,31.7211661681781,0
SUP_029,1.331283321718082,0.5873276557039651,1.0382029506916113,7.026005796590003,0.40173677900991916,171.32894192979347,275.2092963758131,26.586752849590113,419.9514854560165,2.1304047984465364,0.850025398412051,25.480722131404185,1.418422680376845,0.05566650242728732,7.368970402194793,57.88244428042682,0.6472625097147859,1.8155810308823614,0.17200055671320286,0.8800552222211497,0,2,2,0.0,0.0029631890382721786,0,0.305,0.38,0,66.72671427581912,6.796621277767666,4329.783780006118,0.8931506849315068,0.04514101777397193,-0.9989806246941579,0.9362739393960676,1.3611521843120704,3.969693436109132,28,1.0,0.019046847951091354,0.027768339024649456,1.2791721594038976,0.5195327898798717,124.95752561092256,1,1.0,0.4,42.5708530036143,1
SUP_030,1.3725298348124966,0.8080569981320782,0.16874825041032673,4.404102088512977,0.02455924736733583,15.23469602992497,70.80981634247395,63.55201869319561,22.492493679203314,23.958469488530884,0.8791261930828579,19.38381973861091,3.9116926850222384,0.20180195326674863,7.3343293503005365,40.60152820642276,0.310757576515227,5.006966636828465,0.06248031282592202,0.8941410079918853,0,2,2,0.0,0.0029631890382721786,0,0.305,0.38,0,348.0505937815142,3.918356089989111,4276.580056056111,0.936986301369863,0.04514101777397193,-0.9989806246941579,0.9126220933853684,1.2297481143314974,2.336572830684908,14,0.8603287596838427,0.06052201405412359,0.06733808926363678,-0.32372503958158316,0.4737976535759579,303.0214016863655,0,0.0014090376555820567,0.6000000000000001,25.563338578025913,1
SUP_031,1.3904814737859925,1.375584081801575,0.11869555509914176,14.094195379052714,0.07327498072806318,96.32082731052898,44.462780853329086,56.966951696988964,83.81665646686912,3.789419279210253,0.99,25.30850737339761,7.315827100791132,0.289065925258041,7.5652752818989315,37.07391676891236,0.2129412588506239,9.36425868901265,0.07704705429658558,1.0,0,2,2,0.0,0.0029631890382721786,0,0.305,0.38,0,318.5966760628563,4.501363697345023,4277.737959549359,0.7808219178082192,0.04514101777397193,-0.9989806246941579,0.8898792438987502,1.2168681359489273,0.8119151638531212,27,0.8405473286386119,0.09645859062816228,0.1154968202127148,-0.07196403883576173,0.5010697508749533,519.7356909572167,1,0.7506500173122364,0.6000000000000001,21.21780447308366,0
SUP_032,1.0712371086138808,0.43776807443193866,0.09400808879471169,2.5643008495329305,0.006418392334478405,22.065394105240923,62.70036718190637,52.10033672938725,32.66542455776005,16.54173944318112,0.8996072613364126,15.289634156267116,4.236858666106119,0.27710660849065905,6.846943139585379,32.74635132799554,0.4164680426454609,5.4231790926158325,0.17997102724128758,0.9243399608719337,0,3,3,0.0,0.0029631890382721786,0,0.305,0.38,0,315.36445171788864,6.188660975568551,4284.138356614474,0.7643835616438356,0.04514101777397193,-0.9989806246941579,0.913176715621232,1.183044400004114,3.0230305573316163,19,1.0,0.05742077506433469,0.05748842913971747,-0.26834054659583956,0.512514745610698,258.6979311287286,0,0.0050073828177385005,0.6000000000000001,25.592581810562045,0
SUP_033,2.2389286888941484,0.29244030709733154,0.40391554516996053,6.2497503817525635,0.16441095145195245,133.50029825429343,16.5812028600757,17.64652991197266,132.43497120239647,2.734076288764107,0.7564501192155405,16.72953063589896,1.479642964676383,0.08844497773902277,6.706862336602747,38.058434730812735,0.5400093052704309,1.8939429947857702,0.0765944796616324,0.7785294334441826,0,2,2,0.0,0.0029631890382721786,0,0.305,0.38,0,141.04595758575076,3.6081529976652735,4340.081497724585,0.9013698630136986,0.04514101777397193,-0.9989806246941579,0.8429038319403224,1.355168662395323,2.928365714138265,19,0.8115002312733767,0.02042796958007721,0.034694411867679,0.1721648752445715,0.42993065612212883,156.1248534045555,1,0.9992384336484986,0.4,31.42365305043802,0
SUP_034,0.3480818586246863,0.16894819256847038,0.4587268165921583,18.554921707021563,-0.3019765491526392,46.1160434865277,182.2146053273094,41.56895937694565,186.76168943689146,7.914816025070121,0.99,17.042463655842006,6.917949316106296,0.4059242522565031,6.251903883165888,66.41212189034567,0.4147431284544222,8.85497512461606,0.22516880946130172,1.0,0,2,2,0.0,0.0029631890382721786,0,0.305,0.38,0,142.4424286346431,6.268253926838769,4344.990604991678,0.9287671232876712,0.04514101777397193,-0.9989806246941579,0.98,1.348780577290453,1.2642156815967982,25,1.0,0.04354851112909655,0.04572593668555138,0.3458889764867669,0.5919396545834007,205.76671508498123,1,0.9999991433291258,0.4,39.00714260977094,0
SUP_035,4.227661744943037,1.1712177798068515,0.28968282668343687,4.101776654389744,0.4218428760681962,78.02714163284017,160.99552687484584,5.5272684077168925,233.49540009996912,4.6778594263714295,0.9530322634021722,16.44445542698955,4.074290006419915,0.24776071329993482,7.521859252201629,43.98844641445957,0.1226150002911158,5.215091208217491,0.21316651033514597,0.9960071573812553,0,3,3,0.0,0.0029631890382721786,0,0.305,0.38,0,227.06126764590232,4.664385883557969,4221.157836613508,0.8465753424657534,0.04514101777397193,-0.9989806246941579,0.8863648696664275,1.156366876656798,2.4479955182028994,21,0.8897262595886737,0.017558958795524153,0.019106652919139804,0.5779649779208423,0.4657766889889311,85.97993813612912,1,0.9999999975123441,0.4,21.273828574517303,0
SUP_036,1.743774868665996,1.0058229004977979,0.2262935732968821,31.08147608142752,0.2552032696800907,11.74700399470474,22.825881392517125,29.92479461292908,4.648090774292786,31.07175243700717,0.907648720768384,11.055169180723375,1.929146922075844,0.17450180006649285,6.565264970035361,30.03090174340016,0.1531090887962567,2.4693080602570805,0.1558579202281459,0.9349691922692176,0,1,1,0.0,0.0029631890382721786,0,0.305,0.38,0,95.41060223374558,3.570247650291108,4021.7198133964966,0.915068493150685,0.04514101777397193,-0.9989806246941579,0.8669414635518534,1.3047662364349046,1.2478022629309122,17,0.8145590116044532,0.05526412632350041,0.06079053895585046,-0.34780390926586335,0.4107789853357001,273.55742530132704,0,0.00015161892103139927,0.6000000000000001,16.60563336124777,0
SUP_037,1.5128938405217087,0.699236377233017,0.035491944212611315,1.4195879595766292,0.12824696587579665,50.19927184923608,91.16657805885733,73.92589139207641,67.43995851601699,7.271021800798381,0.98893562337929,10.706072492722404,4.71944709763768,0.4408196470597212,7.53955882930103,42.30587795622279,0.4875040925296687,6.0408922849762305,0.10898461032517395,1.0,0,2,2,0.0,0.0029631890382721786,0,0.305,0.38,0,269.63575335890823,3.85805241642824,4469.405213326978,0.8602739726027397,0.04514101777397193,-0.9989806246941579,0.8744561190388058,1.1813661153241561,3.2583711609625685,17,0.8159422279441939,0.060673952983969166,0.06370765063316763,-0.1611361209271168,0.44670214500256894,286.68442784925435,0,0.2798904280520074,0.6000000000000001,31.547473958379175,0
SUP_038,1.229417148542263,0.981938293330377,0.20628801534251653,4.514390323019369,0.032278427093556515,56.73372087394274,50.22264614609924,46.35878751037388,60.59757950966809,6.433563573434526,0.9326936467194126,20.74385978405159,5.983911462241462,0.28846663661128513,7.426549072397305,26.4267851466413,0.5837912198105398,7.659406671669071,0.12017477527158812,0.9469785043235344,0,3,3,0.0,0.0029631890382721786,0,0.305,0.38,0,412.23749023964746,4.731590995121312,4510.646978085796,0.8027397260273973,0.04514101777397193,-0.9989806246941579,0.8350609580482058,1.4238047454155662,1.0919346789284854,20,0.8745289625258299,0.07065287261055087,0.07065287261055087,-0.1500914246827065,0.4994301162370419,317.9379267474789,0,0.14181423830496306,0.6000000000000001,28.084450652972716,0
SUP_039,2.5186468423612642,2.59304464605262,1.2217876636269158,3.8051644881792166,0.9657933595705829,14.71411375760735,288.1792381330563,74.92539248536377,227.9679594052999,24.80611513631198,0.9809960679602822,8.559850717926519,5.26868103360485,0.6155108549464401,7.745435610274381,61.39865063455831,0.254362499948775,6.743911723014208,0.3708590484422642,1.0,0,3,3,0.0,0.0029631890382721786,0,0.305,0.38,0,66.64723962868081,3.569725927394761,4716.569872000848,0.7561643835616438,0.04514101777397193,-0.9989806246941579,0.7923809548366204,1.2352979120616436,3.167257289246299,21,0.735054784520298,0.04105059832272859,0.04105059832272859,0.45909456911922714,0.42315591042926815,184.72769245227863,1,0.9999999950357068,0.4,32.19033525228657,0
SUP_040,1.757542232413499,1.1838555320407467,0.7509707259760698,15.53008491389143,0.3697462665828857,52.56509523099992,311.15445120662986,78.16955166562948,285.54999477200033,6.943771306719589,0.8988995096781948,29.503946595788094,4.551050051102859,0.15425224677408259,7.549609165154532,28.826288059155917,0.1095813216522157,5.8253440654116595,0.2712867628857404,0.9117094639684847,0,2,2,0.0,0.0029631890382721786,0,0.305,0.38,0,65.81627998515437,4.372681729094964,4631.821068347743,0.8849315068493151,0.04514101777397193,-0.9989806246941579,0.7104762772277342,1.400839518723698,3.3085590971321817,19,0.8797339263341539,0.03446122236889844,0.036298056212427016,0.6805650079085841,0.4855178363170707,163.34125295592156,1,0.9999999999962854,0.4,14.817954873228839,0
SUP_041,0.6661329466947832,0.15846345097138706,0.24694798144317395,4.442255511898636,-0.15100827019015287,33.25761516520154,111.7333147996702,22.51323419592048,122.47769576895125,10.974930047958178,0.9721218110803388,29.886875407305077,4.6359010636753055,0.1551149459585922,7.710653323501202,25.733110746341595,0.4141264049461579,5.933953361504392,0.3108937220409872,1.0,0,3,3,0.0,0.0029631890382721786,0,0.305,0.38,0,172.7865981810996,3.924469131511361,4646.25412143096,0.7534246575342466,0.04514101777397193,-0.9989806246941579,0.7423866642341366,1.2731783234464102,3.1768650862386583,19,0.7691592419182594,0.04730705159297759,0.04730705159297759,0.12117806998839935,0.42400624304389767,212.88173216839917,1,0.9973609979942745,0.4,22.717036446921377,0
SUP_042,1.2238932360841475,0.4609069166216627,0.6275143430192051,9.653312721799617,0.1311276536043214,546.5979422161591,244.08587443157916,459.71641568102,330.96740096671823,0.6677668754480164,0.8491091473797537,13.70536774097608,2.4261301712406933,0.17702043586813726,7.537962659768208,23.747092842936617,0.255468787300828,3.1054466191880876,0.04945133715257694,0.8803558778404098,0,2,2,0.0,0.0029631890382721786,0,0.305,0.38,0,94.57034543315677,4.469996190474835,4556.8947161436245,0.8410958904109589,0.04514101777397193,-0.9989806246941579,0.7830907283623821,1.4185255172101612,1.3700179270349246,18,0.867547564252963,0.029419452313395756,0.04584005984005813,0.3696402147658257,0.445424613218222,206.2802692802616,1,0.9999999999999873,0.4,17.162900756199484,0
SUP_043,0.6942324913595908,0.7503031983551988,0.22228556723251408,2.0460309104677212,-0.10881825126504986,41.44757694923074,84.27433055650069,36.11813765600171,89.60376984972972,8.806304900455087,0.9488499657835054,15.168108586417896,6.19288476936639,0.40828325654997855,7.883069351305753,49.99395827267532,0.4884908172270852,7.92689250478898,0.27118909127376367,0.9981483474954539,0,3,3,0.0,0.0029631890382721786,0,0.305,0.38,0,205.93375375062297,3.546821239277955,4495.95330499378,0.9095890410958904,0.04514101777397193,-0.9989806246941579,0.7291032144638782,1.3793979515579788,3.92897281857929,15,0.8094766444757406,0.07490911779631777,0.07490911779631777,-0.02444512187364541,0.48562370587932774,337.09103008343,1,0.8612213371925214,0.6000000000000001,34.65230782588269,0
SUP_044,1.3143540375608829,0.49665995046036454,0.06975966222036889,0.5655330460897102,0.20334141511598322,57.67703897260399,286.10804106375736,13.282747473349076,330.50233256301226,6.328341511660668,0.8649670624969658,10.746057907270664,6.203527174061255,0.5772839889373774,7.606387389772652,37.9248919363382,0.5762543486109134,7.940514782798407,0.35667931347100695,0.8884556275969313,0,2,2,0.0,0.0029631890382721786,0,0.305,0.38,0,93.27429305170051,5.552112844876913,4584.186668607483,0.8,0.04514101777397193,-0.9989806246941579,0.7181876075103608,1.3351920138121818,3.9089842515144335,12,0.9552112844876913,0.05501513132029771,0.06354791285810824,0.9431683728770558,0.5454010805525239,285.96560786148706,1,0.9999999999999865,0.6000000000000001,32.45758723286268,0
SUP_045,1.78549030366477,0.7295436127326772,0.04584043111837733,1.485128548129829,0.1231748974536415,149.2408110648927,75.51949420437286,130.91322001933034,93.84708524993525,2.445711715150698,0.8676367198740079,21.32661666905925,6.988028676820178,0.3276670080987783,6.80128303447162,43.547425661408425,0.4854298779319694,8.944676706329828,0.023109071044612017,0.8992998214256492,0,1,1,0.0,0.0029631890382721786,0,0.305,0.38,0,189.9275768885716,7.130194375144342,4606.714076139869,0.8986301369863013,0.04514101777397193,-0.9989806246941579,0.5945354056107754,1.1341681537842507,3.438670882505721,12,1.0,0.05395607151386325,0.07737529389450093,-0.1298994630153161,0.6404475669382294,348.1888225252542,1,0.9134009152715113,0.6000000000000001,31.98186660252245,0
SUP_046,1.9637024014728248,3.518004531841685,0.011627193507212318,0.41870012950601787,0.13646067763958708,64.87072960214736,50.975223490327124,70.20550682864264,45.64044626383185,5.626574608279382,0.734087974142556,9.374067059619572,6.765828006812183,0.7217601457063569,7.200424892944957,49.14073859901244,0.3562594934025393,8.660259848719594,0.053778789330991485,0.7501938062715616,0,1,1,0.0,0.0029631890382721786,0,0.305,0.38,0,181.0014602283618,6.96983566449175,4552.6067617993285,0.7150684931506849,0.04514101777397193,-0.9989806246941579,0.5578612815427982,1.4309653139135279,3.301725797339388,24,1.0,0.25,0.40565777592176,-0.23995560359218368,0.6112103368526149,1825.45999164792,0,0.024844895594376463,0.6000000000000001,30.344080241681155,0
SUP_047,1.3721080050787173,0.35692522278134636,0.10420936239206652,2.2480057337407886,0.09422368686833106,6.196976548246961,56.74343713263407,43.55202229626073,19.3883913846203,58.89969038260335,0.9855714971621384,19.628718413888336,6.198382290123691,0.31578130367074875,7.086737934510577,84.38549213005868,0.1703906104422567,7.933929331358325,0.13494622454626182,1.0,0,3,3,0.0,0.0029631890382721786,0,0.305,0.38,0,398.3599559903335,4.88490265696123,5402.9050020256645,0.7506849315068493,0.04514101777397193,-0.9989806246941579,0.5945323696897765,1.3463050634976452,3.935568243560246,16,0.8638327314495476,0.04628420062527327,0.04628420062527327,-0.3092736871697616,0.4854961722404015,208.2789028137297,0,0.0009563296672234874,0.4,38.86591516529118,1
SUP_048,3.9458925066526582,0.0695134107014897,0.14632261722547588,4.706358583487383,0.15620845228292787,26.89546910504106,8.497962820966377,128.44070260145406,-93.04727067544663,13.57105907223561,0.7362103011226933,26.61027167291011,5.065705919695988,0.1903665615279305,6.6293632534374485,25.75930640802914,0.3425766858003265,6.484103577210865,0.016895027636464152,0.7568988979039063,0,2,2,0.0,0.0029631890382721786,0,0.305,0.38,0,398.07351096159925,3.639361198833806,5523.218315209493,0.6958904109589041,0.04514101777397193,-0.9989806246941579,0.6036079613091938,1.3828961906881072,2.850684443382717,14,0.7118813253628327,0.01002177556377699,0.015447255147386795,-0.859586082375344,0.4554223028682904,69.51264816324058,0,7.537888437753916e-10,0.4,20.58102313722145,0
SUP_049,0.41023682559338964,3.163290156491122,0.9865179381680989,7.947148830734034,-0.6579414493704153,66.0059588284588,58.46513661732211,49.374595038336125,75.0965004074448,5.529803770423048,0.8015660933326232,22.99847016998355,1.9114693489218717,0.08311289119641643,7.62657020629066,74.73483843090764,0.1953387306947401,2.4466807666199957,0.26168526000407394,0.8194524240811245,0,1,1,0.0,0.0029631890382721786,0,0.305,0.38,0,33.97688024088891,4.91990573116036,5377.780470784224,0.7945205479452054,0.04514101777397193,-0.9989806246941579,0.6620510984792742,1.2663605199779078,3.108623707682738,16,0.8892508470886387,0.20451546459076145,0.29177160619990794,-0.09731233053558036,0.4487430058888267,1312.9722278995857,0,0.5030156011672838,0.6000000000000001,35.75409729320526,1
SUP_050,2.327087138279958,0.8790164282659727,0.10164833449456498,13.888533173437848,0.285819926744864,221.54093289936583,95.21326819646659,69.40490067008685,247.34930042574555,1.6475510652733412,0.6225219345029095,26.52907641956685,4.658576831482344,0.1756026767688887,7.644440761556566,34.25280752505192,0.0702015069283236,5.962978344297401,0.040781889681712154,0.6582326756937442,0,2,2,0.0,0.0029631890382721786,0,0.305,0.38,0,212.17355831028044,3.5248942222825117,5394.613674341879,0.852054794520548,0.04514101777397193,-0.9989806246941579,0.5354729579465931,1.4449959900458351,3.2423480388567496,18,0.7785168194885252,0.04384294242740955,0.09525306530438449,0.5536661965191665,0.5050521461390899,428.6387938697302,1,0.9999999995597431,0.6000000000000001,15.807168217870476,0
SUP_051,2.151419648458884,0.8594688747763939,0.39267949343183534,5.426138460066874,0.48693763135155094,112.73557963402875,61.94147372754614,89.89732371764943,84.77972964392548,3.237664641321685,0.8946779789912908,13.162375719068685,3.11012257460459,0.23628884640474687,7.992944547318106,38.848057731334585,0.3879733585722888,3.9809568954938754,0.15418799392328958,0.9153512288829017,0,2,2,0.0,0.0029631890382721786,0,0.305,0.38,0,117.26610637316902,3.5223719477344737,5509.441341497043,0.7863013698630137,0.04514101777397193,-0.9989806246941579,0.7150057921514216,1.3402823848409873,1.99406045083843,14,0.7453878797049542,0.03359031340815082,0.04199198150192838,-0.11178426470288061,0.40312521633029363,188.9639167586777,1,0.7724972645562239,0.4,27.178423849702497,0
SUP_052,1.4059226784446448,1.291957077943676,0.3673990721279119,11.477245902529573,0.3755516699888588,54.720700268552115,156.67858657606916,13.936205415249935,197.46308142937136,6.670236276376105,0.5,19.244841063219056,1.4951670237238996,0.07769183537615588,7.475905969367397,37.95102125835847,0.4741858924734297,1.9138137903665915,0.4268205066413801,0.5432196910964235,0,2,2,0.0,0.0029631890382721786,0,0.305,0.38,0,83.18332948860038,3.89098577021723,5516.925053919894,0.8657534246575342,0.04514101777397193,-0.9989806246941579,0.6539318172271789,1.1943476198251626,1.6069388304794063,12,0.8219752893504901,0.0684800870933915,0.15408019596013087,0.4252936651587998,0.48252619859646456,693.3608818205889,1,0.9999997751619346,0.6000000000000001,29.40598527754628,0
SUP_053,2.193157792991003,0.7332297749451291,0.9528630321042196,10.725667410022401,0.4489013528178752,5.625579000583226,141.55279644224976,50.83893239066565,96.33944305216734,64.88221033997728,0.659634542874306,17.54398323068365,6.932641806282669,0.39515779940770723,7.1846291527173145,44.525673507607536,0.628447049894065,8.873781512041816,0.5243709438273734,0.6977249807393587,0,1,1,0.0,0.0029631890382721786,0,0.305,0.38,0,31.284131891935857,4.17068767492168,5525.392385816199,0.7041095890410959,0.04514101777397193,-0.9989806246941579,0.6676454500412583,1.26833865962046,3.609435940435398,17,0.7691235620127159,0.015467426078073407,0.028167673505322732,-0.020218600183180852,0.528727393433325,126.7545307739523,1,0.9350772097447136,0.4,36.663680899864964,0
SUP_054,5.537362177676184,0.20885020456878792,0.6650765844313415,3.301515964956228,1.0265939273485902,50.400372488971875,175.4872765405693,52.710979945346836,173.17666908419432,7.242009968872071,0.8913578542934051,28.91699957008944,5.626005159669284,0.19455701640251064,6.930494765951626,39.3733935615638,0.1132189533505138,7.201286604376683,0.381295509297573,0.9141649770045145,0,3,3,0.0,0.0029631890382721786,0,0.305,0.38,0,108.21634324380938,4.971448922583857,5413.141509220379,0.7671232876712328,0.04514101777397193,-0.9989806246941579,0.6682080276143272,1.3978176851018258,2.2848478190475596,28,0.8807065360940021,0.005,0.0051296321855989245,0.2783030874715043,0.5000300665429479,23.083344835195163,1,0.9999953194190266,0.4,19.145926025140938,0
SUP_055,1.458501908492634,1.0395865420375046,0.08814463317175303,4.472766569588774,0.06849496677134514,11.277145615188495,37.065542984134105,80.83212287444599,-32.489434275123386,32.36634627723561,0.7487921662679257,26.89704707925385,2.371944900035693,0.08818607087412264,7.238496840894365,55.88450870246956,0.2994785004124701,3.0360894720456875,0.08093283401742538,0.7649174149385694,0,2,2,0.0,0.0029631890382721786,0,0.305,0.38,0,321.4565908041768,4.649785726890819,5430.016780312653,0.7068493150684931,0.04514101777397193,-0.9989806246941579,0.6672571664067112,1.2169220802190386,3.343608300126046,21,0.8184032302233285,0.07562329687960093,0.11370896642610696,-0.5608926635660362,0.4371352939554307,511.69034891748134,0,1.4613049125618828e-06,0.6000000000000001,31.338158493361927,0
SUP_056,1.387566080733935,0.17584356502409362,0.21878525387151995,21.966995850482164,0.09304127786016056,139.77330035683687,73.29492367692617,89.62063940853257,123.44758462523048,2.6113714069007914,0.6583139107323792,29.44101984937725,1.5288513629833211,0.05192929357763604,7.347299700743164,64.34260224072969,0.3308924847806182,1.956929744618651,0.055224955417626134,0.6842780558315503,0,1,1,0.0,0.0029631890382721786,0,0.305,0.38,0,149.53768698989546,4.090414987395708,5514.556228015831,0.7589041095890411,0.04514101777397193,-0.9989806246941579,0.8223452828207584,1.4282929684151051,0.7793498517036395,21,0.7884935535340913,0.03503817048964569,0.07186212583222068,0.040349348485645246,0.43180479706930064,323.3795662449931,1,0.9976616020350472,0.6000000000000001,35.66381543971042,0
SUP_057,1.7460650448869748,0.1632307278051769,0.08033970989706536,1.4491096919836681,0.16885065414875133,42.723385390879905,81.2950388028681,279.15338716046193,-155.1349629667139,8.54333046551868,0.8900843645481487,23.6064252759226,7.177729521736121,0.3040582992909585,7.826443135456014,22.04241839823274,0.4917202550364571,9.187493787822236,0.02643781394629732,0.9355883445112428,0,1,1,0.0,0.0029631890382721786,0,0.305,0.38,0,124.25154596745,3.819691162558407,5674.100352103532,0.7726027397260274,0.04514101777397193,-0.9989806246941579,0.8146763948207902,1.2458312743536508,0.9813833742836685,23,0.7682704861188544,0.03426200382197944,0.03870739282342345,-1.3035377234146897,0.4923775931461438,174.1832677054055,0,3.2114926789680034e-13,0.4,23.56857501038681,0
SUP_058,0.5319800097588944,0.9392888763158079,0.13618873170535228,5.06484898247505,-0.13380695370723258,23.60589596734297,137.00503607979155,55.320886971716085,105.29004507541845,15.462238777335578,0.878373627670343,10.762104724778377,1.3067702888043602,0.1214233016889055,7.822444729489319,70.06028376421125,0.5342933224189296,1.6726659696695811,0.22110685112740938,0.9064597984840798,0,1,1,0.0,0.0029631890382721786,0,0.305,0.38,0,79.44370028055296,9.35152876165698,5681.727809996785,0.7698630136986301,0.04514101777397193,-0.9989806246941579,0.7736697428568184,1.2951917510004343,3.167188967669235,12,1.0,0.10174490197358795,0.11852051156912255,0.009523153753329202,0.5702299403246703,533.3423020610514,1,0.9778226243695008,0.6000000000000001,44.05291317825238,0
SUP_059,1.7192922657414165,2.1524317186028554,0.2856433307387462,2.3461175642102687,0.36069795569170643,16.994832140455202,121.43276912307003,134.93911505506148,3.4884862084637405,21.477117101447497,0.9754924887758624,8.519089222201641,6.860931809451488,0.8053597785513479,6.693323668269949,70.90789686441069,0.5182256741425882,8.781992716097905,0.15421607793946934,1.0,0,3,3,0.0,0.0029631890382721786,0,0.305,0.38,0,124.91190372511117,4.055441790110034,5668.767703364371,0.6410958904109589,0.04514101777397193,-0.9989806246941579,0.7967177852184286,1.1974745889752376,1.8929649873397723,27,0.7260921242164828,0.12126845097044606,0.12126845097044606,-0.49391718668782597,0.44433457369044826,545.7080293670073,0,0.00013116291316546898,0.6000000000000001,43.909928970041925,0
SUP_060,0.8618080992274328,0.8950188234900048,0.0381579066840548,0.5421598636638442,-0.034954085451029945,52.61667399964655,19.350096072262886,36.391252194051575,35.57551787785786,6.9369645067731165,0.8375480185193831,13.261493111209347,4.543645338307066,0.3426194396215103,6.794586580876499,62.31222678267472,0.4367547048454061,5.8158660330330445,0.08517529401083107,0.8669572831745678,0,1,1,0.0,0.0029631890382721786,0,0.305,0.38,0,102.43923662064287,4.100362048424543,5666.501319155792,0.6493150684931507,0.04514101777397193,-0.9989806246941579,0.8631145756031591,1.3051708543928902,3.9466523771688204,17,0.7346937390890296,0.09443233295438518,0.12156802517633983,-0.23406150907223408,0.42920474188041136,547.0561132935293,0,0.007188485905322368,0.6000000000000001,38.02753185843207,0
SUP_061,1.3928603932958021,0.6538456544238264,0.28417543810429097,8.092936366692378,0.12771378111350135,22.129314677255348,90.01354957854917,46.474420166328336,65.6684440894762,16.49395859398888,0.8611157633558755,16.5396455347939,5.4470208618771965,0.32933117281252977,7.3727463664043285,36.893823650784135,0.2571153250965263,6.972186703202811,0.1265652170675875,0.8775069051363386,0,2,2,0.0,0.0029631890382721786,0,0.305,0.38,0,242.06567546142497,3.678676792454556,5670.3360961827,0.6602739726027397,0.04514101777397193,-0.9989806246941579,0.9761095537087426,1.3300941259714376,2.1943216431671155,13,0.6980046655468255,0.04678114900465028,0.05457735426002541,-0.13252634929421736,0.43053944545296324,245.59809417011436,0,0.23749826081467,0.6000000000000001,22.470989213209442,0
SUP_062,0.9747177729281467,0.0988261514986626,0.09059386385693204,10.834438340735847,-0.0018366514194354648,96.86580272186383,70.84275768088452,116.7883834747088,50.92017692803954,3.7680996775306226,0.9489362550608992,19.65251392680364,2.7239277529112016,0.13860454510077183,7.996317231796746,52.53923212505599,0.4577721996410646,3.486627523726338,0.03702334724773407,0.9895972108647864,0,3,3,0.0,0.0029631890382721786,0,0.305,0.38,0,555.4423552912747,5.083816700637309,5699.939591230107,0.6931506849315069,0.04514101777397193,-0.9989806246941579,0.8861987167370607,1.2815211305215752,4.160835923133698,6,0.8549570125294843,0.04666328025865744,0.05360646627577587,-0.2805652888948394,0.4159125598012267,241.22909824099142,0,0.046977135808197026,0.6000000000000001,34.74885883925433,0
SUP_063,3.2875956783805553,0.30248533287114077,0.26400690092663925,9.191685777557954,0.6528619506048363,163.72152410646032,216.551352113284,96.99646098812238,283.27641523162197,2.2293953222830853,0.9146119692687994,25.449143227928268,6.578845006739402,0.2585094888192417,7.965198290612176,35.72851347060795,0.6263761853079198,8.420921608626434,0.19511416019330724,0.9527211945649356,0,1,1,0.0,0.0029631890382721786,0,0.305,0.38,0,33.72305923524161,4.683132238036574,5630.724811553347,0.7013698630136986,0.04514101777397193,-0.9989806246941579,0.8240211366493356,1.1636573471126104,3.0879652211727073,20,0.8189981553105068,0.014505468605114423,0.019602307983953886,0.6526440995409941,0.48790660036573286,88.21038592779249,1,0.9999999999950644,0.4,33.08269094748077,0
SUP_064,2.185814263480449,0.47847073332577,0.0795664551907931,0.8996823966536035,0.3764691236407378,71.24244204886863,193.1013139881058,58.62224496148461,205.7215110754898,5.1233504846679585,0.9377318420054688,8.312181086706879,6.425167249838629,0.7729821069603469,7.9017475185201445,67.58796944479212,0.263024633871175,8.224214079793445,0.33103688644519236,0.9717713157541547,0,3,3,0.0,0.0029631890382721786,0,0.305,0.38,0,166.33988040485133,3.749448529453176,5635.7462739518405,0.7397260273972602,0.04514101777397193,-0.9989806246941579,0.8803713242399761,1.1963211495593296,1.664943222161814,15,0.7448078666439477,0.03537922397817363,0.037446902615059605,0.3979343844985885,0.457119181975855,168.51106176776824,1,0.9999999199159368,0.4,34.9259267940521,0
SUP_065,1.4400248925819716,0.7221030462184981,0.1175169015447236,2.8551593775075985,0.11055073479408901,144.7842559170003,97.15466214708252,55.70170229329162,186.2372157707912,2.520992339175619,0.7783046684175957,26.81455367040414,4.999305128874254,0.18643999039939665,7.774015077250727,74.3015090047382,0.5206525148020505,6.399110564959045,0.05955264814029997,0.8013856860390738,0,2,2,0.0,0.0029631890382721786,0,0.305,0.38,0,291.39201660192623,3.585973056902379,5603.817211323496,0.6191780821917808,0.04514101777397193,-0.9989806246941579,0.8662676320802827,1.2965526655382855,0.7755409762488117,15,0.6681863467861283,0.058230554229299326,0.0959068780401017,0.3303925248392608,0.42462874643349446,431.58095118045765,1,0.9999990852846254,0.6000000000000001,45.340179045956795,0
SUP_066,0.6986725181771446,1.4899588125421317,0.11509156632740884,2.979266319225614,-0.09275129765490454,94.22042717584485,19.542989471343137,79.06078230277726,34.702634344410725,3.8738945570560364,0.9032234595890928,8.009741191618573,6.87871350884419,0.8587934796247979,7.685703061234547,29.997456601704503,0.6440518256404892,8.804753291320564,0.12980843475171847,0.9374262971550217,0,1,1,0.0,0.0029631890382721786,0,0.305,0.38,0,87.85739754673041,4.64099582073724,5596.437819833146,0.5780821917808219,0.04514101777397193,-0.9989806246941579,0.7266273916745309,1.1963724514603642,4.069115133415909,23,0.753140677964135,0.14240228402978303,0.17682666384365292,-0.29273515251789534,0.46388497993007416,795.7199872964381,0,0.006450215005908218,0.6000000000000001,31.32053740989648,0
SUP_067,1.5788312906329631,0.18480782426548095,0.05781487383175975,2.2631913136228703,0.027774809672594658,68.8359888939174,39.6009093230386,69.92616252836834,38.51073568858766,5.302458871659397,0.9654746960473124,13.522030431770606,4.753666381651162,0.3515497473280502,7.077498053569231,43.30759999911676,0.4439786442247256,6.084692968513488,0.05424097010512282,1.0,0,3,3,0.0,0.0029631890382721786,0,0.305,0.38,0,575.6173762407727,4.562795094423143,5311.370223451669,0.8493150684931506,0.04514101777397193,-0.9989806246941579,0.8354530445179806,1.1235720177490272,0.7446153569210239,13,0.8809370436888896,0.03875583093820744,0.0405580833410351,-0.26704856527131643,0.47400498385165846,182.51137503465793,0,0.010341878367450638,0.4,30.64239932638847,0
SUP_068,2.22899664027178,0.29735867923059134,0.4836818236369199,11.921670650827608,0.18337126038431784,236.42291840884317,39.035693145553836,116.34882999818106,159.10978155621595,1.5438435599073779,0.8324406722229534,20.795690445762254,3.950669395543226,0.18997538965330643,7.651595573857601,57.70577425351455,0.3600190311357606,5.05685682629533,0.08113751948268325,0.855662768778898,0,3,3,0.0,0.0029631890382721786,0,0.305,0.38,0,189.81541296249375,3.81918584867374,5304.841183447747,0.5917808219178082,0.04514101777397193,-0.9989806246941579,0.7994637699509364,1.266585800690618,2.6772485260421854,19,0.6778089958262781,0.018761114995366403,0.028137077508332227,0.14829275293742594,0.39414196364930676,126.61684878749502,1,0.9999728395817338,0.4,33.882880635478635,0
SUP_069,2.322657172630239,0.9255470002038467,0.11763218412386754,9.063593600561678,0.19867409694030405,77.52011118619193,84.1088684938434,155.02507678288936,6.603902897145986,4.708455579008699,0.99,13.616799683086496,3.0628764464621065,0.2249336494438207,6.580639137284949,58.59716125262501,0.069685774477165,3.9204818514714965,0.04288825720521291,1.0,0,1,1,0.0,0.0029631890382721786,0,0.305,0.38,0,156.57972567631853,6.513154406385109,5346.0617608262855,0.7315068493150685,0.04514101777397193,-0.9989806246941579,0.8159970718633348,1.3914827445338882,2.9071276407608857,20,1.0,0.04470009900686378,0.053018919806888415,-0.5054982251642438,0.47409464548148805,238.58513913099787,0,0.00019360205690731994,0.6000000000000001,25.529437735364954,0
SUP_070,0.3822957648785007,0.11735780456095934,0.2047690361840154,9.031687290249478,-0.17724288539781635,55.245405205748156,96.45942753663478,67.69317025932098,84.01166248306195,6.6068842945516595,0.7299742773590888,27.26942783737525,4.596295682236855,0.16855123289155377,6.672032945461067,38.36070771405024,0.3051369112626163,5.883258473263175,0.060524249540932974,0.7610156673459675,0,2,2,0.0,0.0029631890382721786,0,0.305,0.38,0,268.97528876078854,3.663764283194651,5445.107292462754,0.6657534246575343,0.04514101777397193,-0.9989806246941579,0.842447804747267,1.1088020885993277,1.0342166716631267,31,0.6992531406482323,0.05504509324113796,0.08587459317167731,-0.08804856527698873,0.4406011642491157,386.43566927254795,1,0.7551846082946356,0.6000000000000001,24.498390423498584,0
SUP_071,3.6048101020231536,1.8889212034820868,0.44982436161503864,4.434736825509147,0.9753852044879951,255.03019661159752,40.920878231436994,126.02813513624278,169.92293970679174,1.431203068693402,0.870123470520693,27.420156374815285,1.5269759446000468,0.05568808301919588,7.620214770574455,32.42271611724017,0.236050723005653,1.95452920908806,0.15039094945062187,0.8861824933440631,0,1,1,0.0,0.0029631890382721786,0,0.305,0.38,0,26.762796271803328,4.066223472503411,5447.479206228615,0.6712328767123288,0.04514101777397193,-0.9989806246941579,0.7751414978547236,1.1195359928330604,2.88540701534057,12,0.7422387856065056,0.03452097315559956,0.05158179216884047,0.17828257410267864,0.36664086550356395,232.1180647597821,1,0.9999929703559964,0.6000000000000001,20.05060813706566,0
SUP_072,1.4320969688633411,0.5646971289904372,0.040450500257058104,2.0861762043542615,0.1089908439620547,46.16597406775963,74.78869011075373,54.20090107588265,66.7537631026307,7.906255794890735,0.8910995940309434,16.92652570953134,2.58907713854137,0.15295974986074423,7.787382026484701,69.56138749091095,0.3754826020775936,3.3140187373329537,0.08534058856494921,0.9212824920666347,0,1,1,0.0,0.0029631890382721786,0,0.305,0.38,0,151.71045258155831,6.375568432799655,5553.453684031598,0.6547945205479452,0.04514101777397193,-0.9989806246941579,0.6755450690108888,1.365151307094092,1.8128574819550083,16,0.9649541035539382,0.05663471790945343,0.06381040564441018,-0.13737745070717608,0.46040514924961295,287.1468253998458,0,0.2629329880050034,0.6000000000000001,39.08903305869219,0
SUP_073,0.8637224336852735,0.31668794254061905,0.381467935676197,5.7528981378495025,-0.07884547043992038,70.73903456188575,240.27035919029618,12.870884520596228,298.1385092315857,5.159810312094114,0.9678221181149312,14.524318068530476,5.700872233648826,0.3925053284257649,7.642044402873258,69.33534336392552,0.1115095784398846,7.297116459070497,0.17950804670737558,0.9847901071023861,0,2,2,0.0,0.0029631890382721786,0,0.305,0.38,0,93.85652182970291,4.04425714269355,5572.050209772375,0.6164383561643836,0.04514101777397193,-0.9989806246941579,0.6065059167190457,1.3662458710336325,3.870069733244027,22,0.7126448923515468,0.041635604998587934,0.046049505646486424,0.8187464351139213,0.4161116100853604,207.22277540918893,1,0.99999999999923,0.4,31.079424698766744,0
SUP_074,1.3029438764118992,0.34614420875438034,0.2215379719708954,4.421283912710352,0.0927196276013699,50.72748706018147,121.73248513228651,86.46233504997733,85.99763714249065,7.195310100162771,0.9120995596338394,15.581289857846311,1.3944047971408564,0.08949225705076479,7.6787889981991535,23.373194468696703,0.1353022680223373,1.7848381403402962,0.09471362270958354,0.9292535902571033,0,2,2,0.0,0.0029631890382721786,0,0.305,0.38,0,224.9876071144364,4.517565017730103,5463.9703101837085,0.684931506849315,0.04514101777397193,-0.9989806246941579,0.767196266340884,1.2680582763636026,1.364162064907079,21,0.7942222551976679,0.04147113087227048,0.043544687415884006,-0.1059550065622713,0.37481583634893156,195.95109337147804,1,0.7981391960413138,0.4,13.4083458281488,0
SUP_075,1.80664417262064,0.9334165771061534,0.3068356033312946,4.362434348329782,0.332913898144112,20.977607312960334,46.231151276791614,64.15487751439913,3.0538810753528196,17.39950579466213,0.7277862823320028,27.944588634787586,1.3011897493803386,0.04656321001485479,7.409741954080923,70.84113210093099,0.1246296987447946,1.6655228792068335,0.22895668568662797,0.7556084697157068,0,1,1,0.0,0.0029631890382721786,0,0.305,0.38,0,58.41080263562412,4.00682430300914,5465.1249960987025,0.6027397260273972,0.04514101777397193,-0.9989806246941579,0.6230571111330591,1.2370659176964833,1.2390024495652578,21,0.7020522933146127,0.04631835689349029,0.07488016189354252,-0.3997254179622581,0.3713903206333754,336.9607285209413,0,0.0001242283564584509,0.6000000000000001,32.07534380271623,0
SUP_076,1.0271101478920763,0.6069428037394212,0.0989044511634436,5.886198355378199,0.005656973514831925,89.62276429878125,14.746592813206794,51.98721640903184,52.3821407029562,4.072625999162175,0.9226708976505918,10.606831892904813,7.257534035593434,0.6842320222354225,6.7912214627261855,66.43669963572889,0.6214802700127081,9.289643565559595,0.07652837013956101,0.9636921312985022,0,3,3,0.0,0.0029631890382721786,0,0.305,0.38,0,490.6755746900877,3.820501730066881,5488.206193555669,0.7287671232876712,0.04514101777397193,-0.9989806246941579,0.6080379871513746,1.2696555440642086,3.6469945948729023,16,0.7464337346505237,0.06619354945920825,0.0746988645425983,-0.18773247399933815,0.47652584255600894,336.1448904416924,0,0.05587020534658092,0.6000000000000001,45.2190879546728,0
SUP_077,0.6759847335013701,1.8424969768246182,0.20266890421658637,1.7468733685642421,-0.2035771533284752,63.1266867328675,168.38985243348614,41.943392674353824,189.57314649199984,5.782023719137461,0.8766846389483045,21.81585441729016,2.759313460784595,0.1264820257783578,6.9985096422506015,30.582978228996147,0.1621486643650769,3.531921229804282,0.2812082315312047,0.9137398353306038,0,1,1,0.0,0.0029631890382721786,0,0.305,0.38,0,60.81092881939339,7.633770529131774,4659.697560729218,0.6821917808219178,0.04514101777397193,-0.9989806246941579,0.5996154613392589,1.1228792508169654,2.8994770013762903,16,1.0,0.16697807160954256,0.19778182478804368,0.35727693412895345,0.5175792551511225,890.0182115461965,1,0.999999397178024,0.6000000000000001,17.097651222550766,0
SUP_078,0.7787249212314686,1.1812691973201102,0.5832482966659447,11.434122504631745,-0.3801864296308556,37.493815903062846,282.40653935964286,119.74053370968726,200.15982155301845,9.73493871479172,0.8522876056391184,22.90590080107775,1.6542998854554416,0.07222155984267621,6.251903883165888,33.3510915510719,0.2788646248479868,2.1175038533829653,0.36488515905588265,0.8874695652589439,0,2,2,0.0,0.0029631890382721786,0,0.305,0.38,0,47.12643700501158,4.026504575845423,4629.632499006469,0.6794520547945205,0.04514101777397193,-0.9989806246941579,0.6107259537331517,1.2923147488810554,1.202701255552332,20,0.7423764849818026,0.06634459936580663,0.07915820840006516,0.2918092861914732,0.373419150434505,356.2119378002932,1,0.9999998395009566,0.6000000000000001,21.706375365868364,0
SUP_079,1.6290389474632225,1.5126532878081533,0.16802445911020916,4.782045123514793,0.096675029574373,63.865819085474406,13.53953110612834,56.56971813822554,20.83563205337721,5.7151071610230915,0.9304902552153916,9.485056027044084,4.467816264597748,0.4710374142080946,7.557994958530806,31.65870433079368,0.6324059272458465,5.7188048186851175,0.07855201919908163,0.9597677070868136,0,3,3,0.0,0.0029631890382721786,0,0.305,0.38,0,590.3067499886198,5.745252506848132,4721.444080182862,0.5972602739726027,0.04514101777397193,-0.9989806246941579,0.6001235019595297,1.2221099916397455,2.446614775936776,24,0.8731553876711146,0.09062510241915801,0.09234633193320915,-0.31794687820495704,0.45365718048171194,415.55849369944116,0,0.001145753930432146,0.6000000000000001,31.635659549692868,1
SUP_080,1.2031798114372774,0.6930710197251265,0.4441261039280994,7.259845789505807,0.11423672636612091,112.49922736185789,262.6588565609535,58.19752520544579,316.9605587173656,3.2444667270999483,0.9828325070168872,20.09133790767665,5.545606750263163,0.2760197840355995,7.67786350067821,29.35622438219501,0.4072157967551624,7.0983766403368485,0.21841163677537614,1.0,0,3,3,0.0,0.0029631890382721786,0,0.305,0.38,0,121.18389255283067,3.7613058124838905,4659.626029712752,0.6082191780821918,0.04514101777397193,-0.9989806246941579,0.5914130890883224,1.3583683320079332,0.633253184179226,25,0.6802401702894849,0.04393626934841472,0.052007459486858414,0.8330007805731112,0.3980461315593699,234.03356769086284,1,0.9999999999999267,0.6000000000000001,23.958963655532877,0
SUP_081,2.884158693628673,0.5445228633027267,0.4948056401215165,7.904691893835866,0.421608960133393,9.573509767217788,135.48888565534997,44.04281573719301,101.01957968537475,38.12603829473867,0.9893151865868666,22.87257833715604,5.65176818023587,0.2470979920551715,7.499423290592229,59.65048211016657,0.2377444365281889,7.2342632707019145,0.3511988730575698,1.0,0,3,3,0.0,0.0029631890382721786,0,0.305,0.38,0,152.93972552429994,3.739660081378858,4444.631153773999,0.5671232876712329,0.04514101777397193,-0.9989806246941579,0.6111853291163712,1.4227959314782679,3.5248437601189377,14,0.6575276519735023,0.016298846217434094,0.016298846217434094,0.0073718920978478875,0.38784125105341233,73.34480797845342,1,0.9627609591872133,0.4,30.992525939912298,0
SUP_082,0.41302132124947205,0.5311838864452041,0.1262676541699255,1.8622772540561612,-0.36649405622640946,94.24865443226031,201.7613166269291,15.926115999922871,280.0838550592665,3.8727343344974523,0.9851665368899116,16.218205623049002,1.51808034979817,0.09360347162208274,7.01211529430638,60.78662716597816,0.2813681077193888,1.9431428477416577,0.17732416193339307,1.0,0,1,1,0.0,0.0029631890382721786,0,0.305,0.38,0,68.79732567753183,3.531629049095555,4355.344145579291,0.6,0.04514101777397193,-0.9989806246941579,0.6601945486453292,1.3977839687082758,0.8430031923002584,19,0.6531629049095555,0.08068436258993504,0.10019527046763037,0.7458237941430502,0.3069353163363255,450.87871710433666,1,0.9999999999926439,0.6000000000000001,32.75569409797293,0
SUP_083,1.1556742539208413,0.25924232347289866,0.09778560558575519,3.2162569427452903,0.029196427343555785,110.41134034517188,21.602257713051948,72.89853540737923,59.11506265084461,3.305819844763445,0.9343405385857856,10.037760627130078,5.914821402960258,0.5892570686507176,7.081708586105575,79.44566315015632,0.3104125836252552,7.5709713957891305,0.059570049191661485,0.9803208545480191,0,1,1,0.0,0.0029631890382721786,0,0.305,0.38,0,188.52808509437943,4.55459585887599,4319.565046217136,0.5726027397260274,0.04514101777397193,-0.9989806246941579,0.6618182649819411,1.2999937308592273,0.689498199790697,28,0.7417609557506126,0.04798072129044548,0.06139670722846698,-0.1886467386046784,0.43398986033421455,276.2851825281014,0,0.12072131703777536,0.6000000000000001,41.09064276882019,0
SUP_084,1.2870793688204778,0.2649219051132888,0.07535019598569345,2.5142658523359964,0.1362532460799013,104.16457106999187,18.286184115543808,72.81160179395327,49.6391533915824,3.504070493937363,0.6025766129864357,9.10040869006447,6.942584147949494,0.7628870729211515,6.478509642208569,21.917763584438383,0.2635826194930366,8.886507709375351,0.14058713364191475,0.6409336961710731,0,3,3,0.0,0.0029631890382721786,0,0.305,0.38,0,199.70428676393811,3.9596990541722015,4309.508562535862,0.726027397260274,0.04514101777397193,-0.9989806246941579,0.6831709572434773,1.258127531536025,3.0184086764649725,12,0.7589836040473572,0.046440832391503664,0.09560613764513869,-0.22569769834960005,0.5384326765727983,430.2276194031241,0,0.04030632168961846,0.6000000000000001,16.67458401856645,0
SUP_085,0.6901117903596623,0.8810706300189172,0.568586945917291,1.9361901629223206,-0.40817522676467755,383.49197721577343,257.6949488164391,164.05517785531072,477.13174817690185,0.9517800154516171,0.8679962715434768,18.85702182739698,2.984820003277063,0.15828692518881637,6.652863029353347,71.14001771821327,0.288468894139455,3.820569604194641,0.1375415525793276,0.8892887767344309,0,2,2,0.0,0.0029631890382721786,0,0.305,0.38,0,45.69275064386635,5.497738058826794,4296.682830239315,0.6246575342465753,0.04514101777397193,-0.9989806246941579,0.7553215113845945,1.4165967456326272,3.7895444527967896,14,0.862102573005967,0.05612016197998834,0.08320146157005001,1.327663247638843,0.43468236137742755,374.40657706522506,1,1.0,0.6000000000000001,37.11007391146896,0
SUP_086,2.007338081818505,1.2289146185783808,0.2716886049061681,4.416603165084651,0.14001547493986358,209.21052707640766,44.74566919706547,139.1733734245749,114.78282284889823,1.7446540817073466,0.8349036140722076,8.770174125749724,6.1604520735321655,0.7024321279374296,7.046647277848756,46.73706532244435,0.574233752109335,7.885378654121172,0.05521045265180242,0.8832065143365914,0,3,3,0.0,0.0029631890382721786,0,0.305,0.38,0,337.3499651339352,4.140953114702814,4064.4459125269946,0.6383561643835617,0.04514101777397193,-0.9989806246941579,0.768437892751621,1.222442458781258,1.287389994677433,16,0.7332733936620622,0.054859217439165255,0.08113562427688041,-0.05630445763670311,0.4607507187666907,365.11030924596184,1,0.9931242349945845,0.6000000000000001,35.92183869225779,0
SUP_087,2.0920397336600303,0.42341353624734235,0.16140037797549853,10.840007740742527,0.19047404643771731,42.936912249990506,61.710378846618084,14.293193415023627,90.35409768158497,8.500844165851277,0.9894803320589456,16.967922875552425,4.158010914876335,0.24505126204146319,6.628041376179533,21.840232836173406,0.1760176097097689,5.322253971041708,0.12093137146122769,1.0,0,1,1,0.0,0.0029631890382721786,0,0.305,0.38,0,134.831767283253,6.9480823412008,4109.877669823627,0.6109589041095891,0.04514101777397193,-0.9989806246941579,0.8862101458905034,1.2769810474066718,0.7426779316204658,15,1.0,0.032265179434528043,0.03549169737798085,0.008047404958375378,0.4811867598551628,159.71263820091383,1,0.8720561379455606,0.4,14.01662142576243,0
SUP_088,0.575261990780696,0.5316530710871056,0.3774587950866679,4.77579553540126,-0.1631135371302907,7.1588004391742235,93.72193938708156,71.6950739278992,29.18566589835659,50.98619567639508,0.9738469128304288,23.07295481723865,1.895720739489947,0.08216202712248995,7.955425088912672,38.79718400923674,0.2358841251934814,2.4265225465471323,0.20124857818732642,1.0,0,3,3,0.0,0.0029631890382721786,0,0.305,0.38,0,211.76056394575528,3.7052121782608394,4137.771546945048,0.6465753424657534,0.04514101777397193,-0.9989806246941579,0.7056192974242197,1.3282521834369327,2.563003504962811,11,0.6938088890589607,0.05650515156357264,0.05650515156357264,-0.3091892650664968,0.33447129407928095,254.27318203607692,0,0.003246934430729301,0.6000000000000001,22.595397359499138,1
SUP_089,1.3823246812915753,0.25486059256584354,0.5145674350430289,11.647078064292062,0.21885600868614494,69.17539134360949,91.00692871366005,41.26039728933349,118.92192276793602,5.276442863719616,0.7068782049073642,16.217443891793124,2.910442151345768,0.17946367940379335,7.8343923029104365,35.06593336880775,0.2411653776581643,3.725365953722583,0.16557510196581351,0.7225484729116366,0,2,2,0.0,0.0029631890382721786,0,0.305,0.38,0,129.98450070314362,5.52968550472991,4094.214691656351,0.8301369863013699,0.04514101777397193,-0.9989806246941579,0.9160470664177316,1.271223418996876,1.066116770075085,15,0.9680370436236759,0.026474170728813473,0.044413135733328814,0.08408402945130167,0.5179064412863318,199.85911079997965,1,0.9958901087310859,0.4,21.261334677268028,0
SUP_090,1.2210688183839422,0.48465928155318716,0.08584639462585081,21.89500266903509,0.049289990258199516,350.4111165298092,31.793385549005333,194.56333118409867,187.64117089471586,1.0416336205730783,0.9643487292848096,18.10216314211636,3.7898897359467703,0.2093611523768251,7.500529485395295,66.92539978851917,0.2808821703326619,4.851058862011866,0.017252193025661486,0.9895849915845034,0,2,2,0.0,0.0029631890382721786,0,0.305,0.38,0,365.2810396357109,4.998777304674298,4096.590721731267,0.6136986301369863,0.04514101777397193,-0.9989806246941579,0.9422080701925476,1.1352845168971433,1.3108975403250707,18,0.806727045535923,0.05594461468299076,0.07723477185408265,0.1599510214785648,0.4113099120598205,347.5564733433719,1,0.9999992325151748,0.6000000000000001,35.196625025387526,0
SUP_091,2.6063605825496308,0.8593791870928023,0.1449621162078553,2.768140397173725,0.2820902407932253,107.37289072863305,117.9545413117908,67.21426640216845,158.1131656382554,3.39936829047917,0.9316541204320914,13.313810517436998,3.431909361468459,0.25777063275564216,6.906754778648554,26.847456491286657,0.1834167828489021,4.3928439826796275,0.08581165372647742,0.9712435025554281,0,3,3,0.0,0.0029631890382721786,0,0.305,0.38,0,324.2632824441619,4.973692043890036,4190.014407705201,0.5945205479452055,0.04514101777397193,-0.9989806246941579,0.7889889658238657,1.304114532192167,1.8796000821831336,18,0.7946294783616064,0.035928608364841456,0.042157746911012255,0.2034426607190469,0.4050167216654036,189.70986109955516,1,0.9999692363410522,0.4,16.241486081981726,0
SUP_092,1.3464927009651146,0.9069041846021041,0.1795955640963505,5.849650829261287,0.04923896149756687,31.39420780273816,16.522702498860696,38.91155817963162,9.005352121967235,11.626348474643313,0.912006379902083,22.937526846836924,3.794747864630224,0.16543840536816715,6.251903883165888,68.98365099847393,0.1722002826636109,4.857277266726687,0.10906795856185349,0.9262633548302853,0,1,1,0.0,0.0029631890382721786,0,0.305,0.38,0,113.46042274043693,5.362932610814589,3993.066918126888,0.6876712328767123,0.04514101777397193,-0.9989806246941579,0.8820439046012236,1.4168341762710854,1.4589070566090987,16,0.8801288775198151,0.06517778482283236,0.0716955633051156,-0.34189827935021205,0.45311413090987657,322.63003487302024,0,0.0002613650721799853,0.6000000000000001,32.7594688792979,0
SUP_093,1.70195883206264,1.1535234219374684,0.43508915070572046,8.284235397146988,0.23417512299612764,70.12547659766685,17.654906287673867,91.90932697286333,-4.128944087522612,5.204955712374352,0.8158232489657169,16.62090621013657,6.842751098998305,0.41169542818460314,7.491645473605133,33.28056492093307,0.3546830383752674,8.75872140671783,0.14326761487218462,0.8259244893370895,0,3,3,0.0,0.0029631890382721786,0,0.305,0.38,0,236.8781691972715,4.931392112603727,4139.576818978689,0.547945205479452,0.04514101777397193,-0.9989806246941579,0.8806062410054516,1.3780975588114326,3.240094074584012,20,0.7671118140000988,0.04972386275614869,0.06491615393940746,-0.4623252722435202,0.4832753974978161,292.1226927273336,0,5.061975555003959e-05,0.6000000000000001,23.95271711963125,0
SUP_094,1.21701599371514,1.2978591568897326,0.024398517777896186,0.4160447883447026,0.07104026465734792,501.02081683909427,21.236915747491384,267.2665450283992,254.99118755818648,0.7285126440509195,0.7002324203769715,26.394589470559477,6.374746686274374,0.24151717507805023,7.761319180947987,74.8162009062124,0.3410567959877241,8.159675758431199,0.02215756477904593,0.747367112796598,0,1,1,0.0,0.0029631890382721786,0,0.305,0.38,0,95.46889900988396,4.484088750423564,4145.1952992544775,0.6575342465753424,0.04514101777397193,-0.9989806246941579,0.8222828927083823,1.23076500686011,1.2077029494209923,27,0.7771759983300276,0.10914553571512299,0.2238285952080794,0.331949977678428,0.5087751175587535,1007.2286784363574,1,0.9999999998306237,0.6000000000000001,40.15818424211669,0
SUP_095,2.1433891333752633,0.22629824050448732,0.3562227915537688,4.178463172221075,0.36069220059453627,41.16499453485976,44.625209521759956,60.93199503895298,24.858209017666738,8.866756916265517,0.8105790010639499,9.473419464555974,6.727307854736884,0.7101245627206266,6.542471960506805,45.311321033626896,0.3750565785605379,8.610954054063212,0.19453475925916802,0.8375956129041469,0,2,2,0.0,0.0029631890382721786,0,0.305,0.38,0,160.10622250127165,3.6406939859275824,4138.153405849123,0.6219178082191781,0.04514101777397193,-0.9989806246941579,0.8410129761881224,1.2800367482095891,2.5806916132158637,24,0.6750283027023473,0.02149672945286235,0.028338342990104355,-0.309512428112319,0.4553340984442076,127.5225434554696,0,0.0018929503845220316,0.4,29.376225770266895,0
SUP_096,2.087933292180296,1.015041594902505,0.06485575959992154,5.891855725530944,0.1346306620166837,298.3873189727587,10.789054380717472,157.47524249154827,151.70113086192788,1.2232423323369273,0.9092685305035604,24.043164344100145,5.032976296044112,0.20933086111350951,7.704361167910313,65.93122712539378,0.2746882399808101,6.442209658936463,0.015228819308783956,0.954851041918454,0,2,2,0.0,0.0029631890382721786,0,0.305,0.38,0,388.5036923382732,3.5330669133499857,4151.192052726129,0.589041095890411,0.04514101777397193,-0.9989806246941579,0.8059429315483181,1.386452226757782,1.219734008271132,22,0.647827239280204,0.056799021847919344,0.0777266504821694,0.06747823140305746,0.3897234357600224,349.7699271697623,1,0.9999314337362559,0.6000000000000001,34.61313804958181,1
SUP_097,1.316660567966193,0.4018468003194244,0.059501287316160466,3.8475859004672546,0.14336848747726486,199.63739739732372,157.73382040358402,181.42659947441754,175.9446183264902,1.8283147584496262,0.634786311515906,9.462193167077986,6.029044812055283,0.6371720282600306,7.360103972989152,57.94138320253866,0.5191759862947755,7.717177359430763,0.029923162181056295,0.6783286191891866,0,1,1,0.0,0.0029631890382721786,0,0.305,0.38,0,86.50674812564846,6.036383301814264,4111.769323692687,0.6986301369863014,0.04514101777397193,-0.9989806246941579,0.9257813100150524,1.2674526593592845,2.4125837313496428,23,0.9529533986745771,0.05174702435450109,0.11248527090093963,0.12364820260136906,0.5795545837479991,506.18371905422833,1,0.9999966884049697,0.6000000000000001,38.75183286985873,0
SUP_098,1.1567905602698927,0.534696554301624,0.20206434317070768,5.428643056891865,0.0358004101822462,45.83275892221538,19.251798219910068,48.422052279812334,16.662504862313114,7.96373617000574,0.8802946150297952,13.68108243265552,5.0140940722978,0.3664983452135049,7.989221408815276,48.155602235485816,0.514581609766757,6.418040412541184,0.1015503398142276,0.9070387031349643,0,3,3,0.0,0.0029631890382721786,0,0.305,0.38,0,465.94337589375385,4.45880768943078,3771.800209844708,0.673972602739726,0.04514101777397193,-0.9989806246941579,0.8577944161187433,1.4200168488877145,3.0182807046961835,16,0.782867070312941,0.05249495217680752,0.05559825190171697,-0.32417883966698163,0.44877437825500577,250.19213355772638,0,0.0006803742809518299,0.6000000000000001,34.69968918719704,0
SUP_099,2.047519235891039,1.3702381853074779,0.12563005058086038,3.328155740256549,0.13460352686326227,90.65220007440625,30.206304636713934,45.04747204060659,75.8110326705136,4.026377734907839,0.7632151268608791,19.1553122282518,2.383898399136535,0.12445103325544177,7.047517221357296,25.003158509756812,0.4676936870827551,3.0513899508947646,0.0647083203489526,0.7943047832459552,0,1,1,0.0,0.0029631890382721786,0,0.305,0.38,0,173.4652918889017,7.092272538931639,4030.7350808444585,0.5698630136986301,0.04514101777397193,-0.9989806246941579,0.8447645083723718,1.380810930085683,2.0476510226655664,12,0.9941587607424789,0.07054647257578928,0.11583233000506306,-0.08728067266848698,0.48573023489781975,521.2454850227838,0,0.5253230860383621,0.6000000000000001,24.03207401638538,0
SUP_100,2.5108165090014634,0.8663863262486301,0.14295106180047848,5.128907504769729,0.30198551079142494,55.678999184919824,133.27038636156277,22.457243383270697,166.4921421632119,6.555433922002986,0.9350545839685912,18.18852370442525,2.9542825421535097,0.1624256366356295,6.486160788944089,62.55608989815944,0.5442604374794737,3.7814816539564924,0.1810930750691506,0.9803795614288521,0,3,3,0.0,0.0029631890382721786,0,0.305,0.38,0,266.7113327956494,4.156858360269794,3560.581601076914,0.6356164383561644,0.04514101777397193,-0.9989806246941579,0.7860836032021616,1.308747051993679,3.6184768505931126,19,0.7334940552050616,0.03791191867051272,0.03791191867051272,0.2935197399888167,0.37646888624783587,170.60363401730723,1,0.9999892060909994,0.4,41.35024908364799,0
SUP_101,1.3470231659140532,1.8815922773750557,0.29231772282443974,2.4033505402641437,0.4052223728238286,71.51070664169227,233.6301001902138,70.39509329342243,234.7457135384836,5.104130795810053,0.7977307902172653,17.13530139134889,6.797323892514401,0.3966854003482057,7.374001859350161,73.5812479721525,0.4280239270879893,8.700574582418433,0.48831598918172225,0.8449272299698545,0,1,1,0.0,0.0029631890382721786,0,0.305,0.38,0,31.36525272693044,3.624779164174008,3695.2343487187045,0.5534246575342465,0.04514101777397193,-0.9989806246941579,0.6623606578164744,1.159486721630411,2.3605191139722845,16,0.639190245184524,0.1172204635312224,0.17190758930335615,0.4947922172311656,0.44162375493648687,773.5841518651026,1,0.9999999978722787,0.6000000000000001,42.27321700150068,0
SUP_102,1.9385607357208459,2.1083481867541707,0.15295139701819793,4.2953013233214765,0.12990772613861717,39.75394798347348,21.84081384383048,39.22919206673479,22.365569760569173,9.181478029596907,0.9369481142566904,9.479630107282093,1.7979830019765193,0.1896680547266648,7.239214973779806,84.92801978216389,0.2459835496555465,2.3014182425299445,0.08848728482016899,0.9477269849167581,0,3,3,0.0,0.0029631890382721786,0,0.305,0.38,0,523.3850128955959,3.633743749116338,3668.435741831999,0.7232876712328767,0.04514101777397193,-0.9989806246941579,0.6627634902246409,1.2073400769338707,2.885699494269478,23,0.7250182105280721,0.12280371703502456,0.12280371703502456,-0.2899487908934187,0.3565729862154833,552.6167266576106,0,0.0013868897453077776,0.6000000000000001,41.350714402531956,1
SUP_103,0.5176831539761368,0.9380990733382842,0.08982870920148239,2.3105973850023287,-0.07238844065996168,71.98040923094301,94.18554204820461,20.894426995930882,145.27152428321676,5.070824185354776,0.924939961684757,8.30136810899612,1.7054001526709983,0.20543603539552366,7.822044008185619,40.29276393414423,0.0594457477974061,2.182912195418878,0.10238348811688074,0.9469547697026103,0,2,2,0.0,0.0029631890382721786,0,0.305,0.38,0,309.3462083375847,4.656978814944711,3667.9751037957476,0.736986301369863,0.04514101777397193,-0.9989806246941579,0.6863009402175244,1.4472810030802443,1.579891782587654,12,0.8341910321794026,0.10753635817948054,0.11957452163614786,0.2141266879661884,0.3963608445819992,538.0853473626654,1,0.999846850148907,0.6000000000000001,17.900478007579874,0
SUP_104,4.3404024715850245,1.2098406094391025,0.6617178281604472,4.614962456104301,1.1861231214414625,53.72912823242513,228.15695422670555,12.464219150295722,269.421863308835,6.793335607848652,0.9225741131570916,29.79494145544685,5.967400052531978,0.20028232179798663,6.342121418721152,48.749097354323794,0.4744382000197566,7.6382720672409326,0.7687844946253956,0.9458779446288438,0,1,1,0.0,0.0029631890382721786,0,0.305,0.38,0,23.08696074473566,4.06265571992419,3523.571079256277,0.663013698630137,0.04514101777397193,-0.9989806246941579,0.5774218857337944,1.1608081697913566,0.5939792837980542,17,0.7377724213074874,0.011026237499810335,0.01212886124979137,0.7067671876228966,0.4427795532741021,54.57987562406116,1,0.9999999999721094,0.4,33.73278494232221,0
SUP_105,0.9844208213630121,0.182241863348023,0.3817046875929961,6.7533135464632625,-0.0047612177989602225,141.73603656512424,151.34215530066788,177.02153126648943,116.05666059930269,2.575209585688474,0.9262048132266972,18.14567182758602,7.121570289409881,0.39246660895648344,7.400620577371135,52.76024463376119,0.6195204159085349,9.115609970444648,0.0642053931638268,0.969181790724025,0,2,2,0.0,0.0029631890382721786,0,0.305,0.38,0,180.12296980904387,3.723799674891636,3332.9622384232434,0.7616438356164383,0.04514101777397193,-0.9989806246941579,0.6557461109409543,1.1155168669731583,2.194479112050969,16,0.7532018852973827,0.03541841462075312,0.045276045144008535,-0.10635726140972264,0.477934390668175,203.7422031480384,1,0.9941304039571359,0.4,39.68971033076052,0
SUP_106,4.153043839931322,0.4346893947322389,0.025327691885740532,0.9695714606873876,0.1858028717170834,141.46640635483016,15.192799527791008,125.76537926228782,30.893826620333343,2.580117848505294,0.942999901389973,21.99068719018764,4.975603331678458,0.22625956563552038,7.195187320178709,31.658140668800662,0.4730834873423379,6.368772264548426,0.04770947740868415,0.9877535494734312,0,1,1,0.0,0.0029631890382721786,0,0.305,0.38,0,169.90974233643362,4.176476013409331,3182.4384507952914,0.6438356164383562,0.04514101777397193,-0.9989806246941579,0.5953252526478205,1.2994025070067143,0.5714021556600893,19,0.7395654095601112,0.013937129711699706,0.01850839875914357,-0.3679443243717156,0.41804765093449014,83.28779441614606,0,0.004016692590670779,0.4,26.855760887790403,0
SUP_107,1.6019975176153816,0.5312848401201723,0.27953000016023494,3.940184802797179,0.1804782850831949,83.05716806590087,33.230163606581336,7.965293006862834,108.32203866561936,4.394563509682806,0.8368669625339042,16.84151839759606,2.1682535699184884,0.12874454183584672,6.380122536899765,57.219470137331456,0.2162075145955873,2.775364569495665,0.1316482694735714,0.8738610826405402,0,2,2,0.0,0.0029631890382721786,0,0.305,0.38,0,203.8619170241163,3.56636305079346,2968.985166607816,0.6767123287671233,0.04514101777397193,-0.9989806246941579,0.5820806753172791,1.3050359509063654,2.8738187173221728,23,0.6949924694629077,0.03873871076196455,0.0521588930568396,0.0886920898802297,0.3699924678611409,234.7150187557782,1,0.9847116059870581,0.6000000000000001,29.374013492800202,0
SUP_108,0.48966708525668523,0.16778890370976238,0.16720235853158072,4.641064450673769,-0.06498339482861341,68.18646863579426,31.685346601112197,11.715742953156708,88.15607228374975,5.352968225258618,0.912790854396038,21.129081239157173,4.359926909483074,0.20634720744047785,7.1929342212158,83.45215337422545,0.4600722664445053,5.580706444138335,0.064290888967511,0.9320761733576868,0,1,1,0.0,0.0029631890382721786,0,0.305,0.38,0,185.8353521983356,6.37220543232495,3607.6859211611395,0.7972602739726027,0.04514101777397193,-0.9989806246941579,0.6363697141049335,1.397055881359082,2.651770848243974,9,1.0,0.0567195201427391,0.06483809427570876,0.004434641692619386,0.5269826259349778,291.77142424068944,1,0.8381475492173738,0.6000000000000001,47.18302934302534,0
SUP_109,0.6198496358762315,0.6026089593206849,0.37732068257800677,5.545116022748563,-0.14573617230503663,74.57745938079167,31.812317331916827,18.42325255454076,87.96652415816774,4.894240203817002,0.9002848166173315,15.376139101722506,1.6222041878326228,0.10550139908989871,7.97728198675515,83.39730367613959,0.540184344363102,2.076421360425757,0.17950885441975561,0.945220514536447,0,2,2,0.0,0.0029631890382721786,0,0.305,0.38,0,175.15879948044855,3.813332796612457,3664.3914769779735,0.7205479452054795,0.04514101777397193,-0.9989806246941579,0.6295546881300288,1.3153657201753455,0.564815966423096,12,0.7416072522639854,0.05838032769647564,0.06560298536494952,-0.005000478970541344,0.365990754615992,295.21343414227283,1,0.8349075692465131,0.6000000000000001,49.564451801348895,0
SUP_110,1.2458443593099564,0.9066115358915432,0.0307409347118442,3.001561390648967,0.023366514123084967,10.594073488856024,36.33430581518008,8.783406228449842,38.144973075586265,34.45322522860974,0.7185658830470928,29.290752235930363,3.970365064999824,0.1355501228858663,7.840312983320164,38.09395130807268,0.528975918325512,5.082067283199775,0.10446643597468824,0.7511400671765914,0,3,3,0.0,0.0029631890382721786,0,0.305,0.38,0,520.3756074728241,5.097307290031962,3768.191644709889,0.7890410958904109,0.04514101777397193,-0.9989806246941579,0.6020478811413801,1.1113366383347723,3.778064298060817,18,0.9042512769484017,0.0805778132861504,0.12443650648485718,-0.18917428923950821,0.5113601538142993,559.9642791818574,0,0.009884258893281709,0.6000000000000001,31.106858072994434,0
SUP_111,0.8429828184388525,0.3159597499102682,0.36452871447056046,17.55121203687429,-0.06569389580499213,53.17890614670788,36.15483141082523,49.357615414429006,39.97612214310411,6.863623689307416,0.8770634064563945,9.682559020984888,7.416393339455347,0.7659538478806988,7.81762544305337,37.63878763003569,0.1091497562134474,9.492983474502845,0.08903407953533675,0.8984544488302589,0,1,1,0.0,0.0029631890382721786,0,0.305,0.38,0,78.72570524740642,3.8715883971801937,3822.265126256865,0.7479452054794521,0.04514101777397193,-0.9989806246941579,0.6964947663466032,1.1012111138882494,1.1909428189856874,16,0.7611314424577453,0.04285395421075581,0.050088120820236566,-0.2344559451819724,0.49540708076899787,225.39654369106455,0,0.012395060259942253,0.6000000000000001,18.3300077384177,0
SUP_112,2.549006075994588,1.8616728516813907,0.0457832564425969,1.1665737881309843,0.17600614790329724,59.914011041148605,18.912964226886942,40.410808221809226,38.41616704622631,6.0920641709218915,0.99,16.705575198623436,5.70567466511552,0.3415431433684293,7.307202314764738,38.3247377888074,0.2682857846845601,7.303263571347866,0.08327292395100866,1.0,0,1,1,0.0,0.0029631890382721786,0,0.305,0.38,0,169.2765621426367,4.1073735091953125,3799.9979590130074,0.7835616438356164,0.04514101777397193,-0.9989806246941579,0.6077790457761342,1.339090265435446,3.1196342967114767,20,0.8025181728373394,0.08785552698477393,0.09664107968325134,-0.22804100960746787,0.45576197708305044,434.88485857463104,0,0.0102215881849577,0.6000000000000001,23.37846865605976,0
SUP_113,2.0657263126554843,0.21640922399243595,0.501563609571338,3.8432753916572016,0.1895563391610179,96.79081585390291,266.6797719684549,96.53372709180404,266.93686073055375,3.7710189420340763,0.9151535677995088,18.359081836909887,5.333146638446936,0.2904909235561524,7.381501894506707,56.37262554024723,0.4622234903494883,6.826427697212079,0.144281012756718,0.9549790366565831,0,1,1,0.0,0.0029631890382721786,0,0.305,0.38,0,54.33067776636104,3.511688586050931,3915.87267765228,0.8082191780821918,0.04514101777397193,-0.9989806246941579,0.7197862838858415,1.281599206810501,4.0619955443693705,21,0.7552784476461889,0.018676940108823398,0.023320003834594497,0.5859693970956034,0.44859611424136747,104.94001725567523,1,0.9999999999619495,0.4,36.41575492658354,0
SUP_114,1.1404829026787449,0.6314460591855365,0.20937695496113745,7.015334737416033,0.02740814629887603,278.51223454738914,19.928920012814263,206.2823055584211,92.15884900178233,1.3105348876079441,0.9548366874183664,20.744918266562635,4.284634110916542,0.20653897286366565,7.655864017616056,61.90844115749321,0.187896035478571,5.484331661973174,0.027705808715839057,1.0,0,2,2,0.0,0.0029631890382721786,0,0.305,0.38,0,276.90973050970854,5.575205222306698,4105.493684315152,0.7917808219178082,0.04514101777397193,-0.9989806246941579,0.7484683092757558,1.3791299660343883,3.0126658794253856,20,0.9534109331895739,0.056447715951040554,0.07691740805703401,-0.23091802100961636,0.487802732994844,346.12833625665303,1,0.895187121996031,0.6000000000000001,30.400257527354416,0
SUP_115,1.0520882140200567,0.6510010257600689,0.24479959184687144,11.296159003040419,0.007982346454078025,108.63809379235218,25.127584945436894,80.07693966672842,53.68873907106065,3.3597791277307465,0.9149831948017602,29.3383835575942,4.798940960603713,0.16357209834628103,7.996317231796746,29.295072973272216,0.2747289460277488,6.142644429572753,0.06926573054832855,0.9559011055643748,0,2,2,0.0,0.0029631890382721786,0,0.305,0.38,0,238.95841639962936,3.998392497085717,4037.8239674299502,0.873972602739726,0.04514101777397193,-0.9989806246941579,0.734522678034299,1.2945560395304179,0.90565962461437,21,0.8368255510784347,0.0573780866834411,0.07034637915577953,-0.21952828300528146,0.47141906833465386,316.5587062010079,0,0.06513697772707004,0.6000000000000001,19.95989757014135,0
SUP_116,3.4390777397838868,1.3868289271731504,0.056242722580684905,1.3868723270996843,0.21588344632332615,23.71871540794853,52.65777277514287,114.61256465134304,-38.23607646825164,15.388691744987273,0.7862218937181938,13.791441623396246,1.2041163617961872,0.08730895541431183,6.78332520060396,76.59348721815866,0.5255568879254808,1.5412689430991195,0.05007951687435716,0.8327883966142958,0,2,2,0.0,0.0029631890382721786,0,0.305,0.38,0,327.183614805357,4.153808848780013,4041.214037458229,0.8328767123287671,0.04514101777397193,-0.9989806246941579,0.7974934047347686,1.3154831220092238,0.7755635801652623,17,0.8318192410423848,0.04001869865483666,0.055679388834007235,-0.6281541685120716,0.4204404362817772,250.55724975303258,0,7.124826535359971e-07,0.6000000000000001,46.40410152502789,0
SUP_117,0.5652412191070101,3.6264278825976874,0.08740806007244717,5.662326427027927,-0.08499901393645307,18.450305958065364,54.805172534349744,29.71589197560288,43.53958651681223,19.782869770809626,0.8472711738645413,27.98556014134625,4.148835041676028,0.14824913350747917,7.399398083331354,50.30946184108822,0.5063453854731694,5.310508853345316,0.11175679181886725,0.8692616504229351,0,1,1,0.0,0.0029631890382721786,0,0.305,0.38,0,132.91920831632206,4.416342103491913,4035.6380949400072,0.8821917808219178,0.04514101777397193,-0.9989806246941579,0.7484548176421058,1.286986455198344,1.3045593572630327,19,0.8827301007601502,0.25,0.314546619601594,-0.19605522257746125,0.4886423848883087,1415.459788207173,0,0.0192170799689746,0.6000000000000001,35.31414630063037,0
SUP_118,2.1333734670429187,1.9244047903972883,0.06286111399046203,1.4800194320450046,0.5386356316375054,59.82768133900548,191.5195070310941,106.49056299945899,144.8566253706406,6.10085485231789,0.9725484462658092,22.225209766870563,2.6284694617637507,0.11826522626039783,7.645397699428633,63.55211495749184,0.3309981115602881,3.364440911057601,0.21499098208942918,1.0,0,1,1,0.0,0.0029631890382721786,0,0.305,0.38,0,47.80859672088664,3.844834715074458,4082.4111953371053,0.8547945205479452,0.04514101777397193,-0.9989806246941579,0.8843691388042153,1.3304659198882123,3.7355148160488403,23,0.8118807317814184,0.1088447365870113,0.11972921024571244,0.0961522207790972,0.40632754514670544,538.781446105706,1,0.9998386991793563,0.6000000000000001,35.35078932980538,1
SUP_119,1.2574833656871658,0.650405231732568,0.05721900290136019,3.10438650256323,0.07254757070112035,216.7935064570198,30.49335994703224,239.89163330967148,7.395233094380558,1.6836297634789295,0.9392300744730206,23.94116231064784,1.903035899730659,0.0794880329968058,7.89655270164304,59.54076750050516,0.2186298501001334,2.4358859516552434,0.02478765849436065,0.9552874114393163,0,2,2,0.0,0.0029631890382721786,0,0.305,0.38,0,318.47898707135937,4.687384114389186,4038.176940012461,0.810958904109589,0.04514101777397193,-0.9989806246941579,0.8522266169994607,1.3863718581921955,3.575595293216857,15,0.8742178634937131,0.06433941845933108,0.08607057277382638,-0.6091468661950495,0.41701287313102786,387.31757748221867,0,0.00021372730881905614,0.6000000000000001,30.37520250320607,0
SUP_120,0.444744030226352,0.2727738827524694,0.4034955723076288,2.947550933303191,-0.39661350096631687,127.32329795432922,124.73770128109764,100.37557281563548,151.68542641979138,2.8667180780294057,0.7503829480970204,16.04948781025137,3.203712307070788,0.19961461355947224,6.7912214627261855,68.71269038875256,0.308667443058203,4.100751753050608,0.16411854726908853,0.7684877091873707,0,3,3,0.0,0.0029631890382721786,0,0.305,0.38,0,153.6878671917119,5.466987504403102,3938.702789690434,0.9260273972602739,0.04514101777397193,-0.9989806246941579,0.8537676595417135,1.1716291487633876,3.770369515417169,20,1.0,0.0479550746794413,0.07949688327540654,0.13480105670516931,0.5368490684911887,357.73597473932944,1,0.9999312990139476,0.6000000000000001,36.745099447247114,0
SUP_121,2.5891536984412884,0.6498544002965676,0.6589058390944316,12.100706667310783,0.42376543046330356,89.41713920723147,141.09645840844394,62.82997299045112,167.68362462522427,4.081991475415948,0.7278396157756392,26.65840317034386,7.167117216271562,0.268850207211384,7.347299700743164,77.51558265024028,0.4934401855636235,9.1739100368276,0.18794666713670344,0.7610368353763675,0,3,3,0.0,0.0029631890382721786,0,0.305,0.38,0,107.27627857500154,5.013450638697571,3943.5582143101615,0.9205479452054794,0.04514101777397193,-0.9989806246941579,0.9451089387361176,1.1841205390194354,1.2066829897718352,15,0.9616190364724968,0.016867083326027463,0.02773536127143307,0.2455198199731102,0.6033821798260882,124.80912572144882,1,0.9999906996858473,0.4,45.809438627004816,0
SUP_122,1.4598266443696355,1.5567850677167174,0.18899604111172308,11.320524506686764,0.20406136473560788,189.40933315843304,17.641233372268697,120.73647155071325,86.31409497998848,1.927043371694322,0.9420075997102574,26.68975274073383,1.760635203594984,0.06596671092077624,7.841099765422119,84.46024476920937,0.3746017393565974,2.2536130606015794,0.09579311153204316,0.9596315647692607,0,2,2,0.0,0.0029631890382721786,0,0.305,0.38,0,139.88728470098346,3.540425016397703,3902.686561402261,0.9452054794520548,0.04514101777397193,-0.9989806246941579,0.863961099778103,1.4054142716167801,3.5488748988724432,18,0.8266452413657976,0.09874205872880977,0.13049063650472056,-0.1431154294957575,0.4070274295667815,587.2078642712426,1,0.8044372826681979,0.6000000000000001,45.02215008838167,0
SUP_123,0.6418534627571876,0.5098191031337235,0.08521067662843952,2.434962293066854,-0.06222588584228555,35.44556612952163,19.13914537100915,13.987065963545081,40.597645536985695,10.297479765628616,0.8762679754905204,13.426489547718942,4.167049590338821,0.3103603198385367,7.6511201757027,63.02438612140575,0.5007062821724256,5.333823475633691,0.09194673464384429,0.886507762229487,0,2,2,0.0,0.0029631890382721786,0,0.305,0.38,0,394.5444678281538,4.154901841502109,3925.7349388799703,0.8904109589041096,0.04514101777397193,-0.9989806246941579,0.828755219487063,1.2928703289827788,1.9438945607072597,22,0.8606956636022657,0.0747908505495254,0.08385520797198018,-0.1852578617135268,0.4761117008872736,377.34843587391083,0,0.013383031251730295,0.6000000000000001,40.23094291373507,0
SUP_124,1.5482827456883008,0.257944927959516,0.09999930405741296,4.590688363110127,0.029068081856932926,100.9427249340734,77.93439210605592,71.71896841672645,107.15814862340287,3.615911896953295,0.9344970666675784,15.848911655711998,5.972026006339521,0.3768098489076494,7.972121128921655,39.17970270218011,0.2293142811554184,7.644193288114588,0.07614380557465346,0.9476202975439266,0,1,1,0.0,0.0029631890382721786,0,0.305,0.38,0,155.6962548877843,3.610853550809546,3939.9939641995798,0.9178082191780822,0.04514101777397193,-0.9989806246941579,0.8148270187680784,1.3746181631455157,2.1672266072449338,17,0.8199894646699957,0.03962800665806458,0.04988925127193421,-0.0009590625373992792,0.48837303586612946,224.50163072370393,1,0.9823596497558387,0.4,22.551309515534598,0
SUP_125,1.3831275798663767,0.2908713019577336,0.14918342474991056,1.1022942314250932,0.3749520072488307,103.89316297286568,351.2243283079072,73.5819343521623,381.53555692861056,3.513224446687882,0.9558476367868548,11.015968077732644,5.82346372405601,0.5286383986376457,6.620073206530356,61.09547980641096,0.4001630222048598,7.4540335667916935,0.24081842772160494,1.0,0,2,2,0.0,0.0029631890382721786,0,0.305,0.38,0,78.54058427950697,3.777131282784718,3904.4131572231126,0.9315068493150684,0.04514101777397193,-0.9989806246941579,0.9102043081349476,1.1883105600875246,0.9057424679270729,18,0.843466552936006,0.041571231838859767,0.05054168163466587,1.0625766018389906,0.4903760543499815,227.43756735599644,1,1.0,0.6000000000000001,36.443082588710176,0
SUP_126,3.2786998416997255,0.9499326867384469,0.27809033813761497,7.273149885057479,0.3009730800311831,17.933123546222596,44.754861522335005,12.894528531310375,49.79345653724722,20.35339794872952,0.9010292714515288,15.189483528871104,1.2681098269017368,0.08348603983087395,7.895808377083183,73.72581982244517,0.5305884202420189,1.623180578434223,0.08844098236812724,0.9189345613585694,0,2,2,0.0,0.0029631890382721786,0,0.305,0.38,0,180.44328448780212,7.817182655229433,3929.8096382778663,0.9424657534246575,0.04514101777397193,-0.9989806246941579,0.7974502561967961,1.1949018523502566,2.2828184850924407,13,1.0,0.023820215191897864,0.025011225951492758,-0.14905900748150244,0.5543741735369235,112.55051678171742,0,0.04105906146297702,0.4,45.40798053623864,0
SUP_127,1.97706496524681,0.5147081750114048,0.07913634600367349,0.5958133752146179,0.26408893939246775,55.470937815860715,69.5371197451026,90.8503423427557,34.15771521820763,6.5800221588400145,0.8974725701556051,12.907365353940651,6.700585709414634,0.5191288481943318,7.828834527588089,71.3169993975634,0.4988964958326113,8.576749708050732,0.3050712695562004,0.9192836731039368,0,3,3,0.0,0.0029631890382721786,0,0.305,0.38,0,116.40543977408176,5.653728902173059,4025.1137772165534,0.9342465753424658,0.04514101777397193,-0.9989806246941579,0.9259074969430904,1.3350837927169343,2.3476532328049364,28,1.0,0.04024355980909109,0.040548698131409655,-0.3129980865439836,0.5859593555688452,182.46914159134346,0,0.006028048884723855,0.4,43.493694634003695,0
SUP_128,2.9084671710257806,0.6350547231509065,0.023955595211545513,0.6862688108000559,0.2662230858989041,99.76569296655263,97.60026388644118,19.65826737402007,177.70768947897375,3.6585722922043913,0.8406724701359575,12.983475772794325,5.068012929848965,0.39034331164760355,6.656726524178391,36.435777686257225,0.3965790526066535,6.487056550206676,0.05027553824911627,0.880122676715439,0,3,3,0.0,0.0029631890382721786,0,0.305,0.38,0,363.07806616045895,4.190925956209007,4074.302433912687,0.9232876712328767,0.04514101777397193,-0.9989806246941579,0.7069140260671831,1.128193915050246,3.3058826222829816,17,0.8807364312373391,0.03003383758487855,0.040067475073135794,0.3433911010917086,0.5107300908453223,180.3036378291111,1,0.9999973434010446,0.4,26.471682652702498,0
SUP_129,0.7439016267327864,0.8024661611266837,0.05663657756137406,1.2507359496788393,-0.114383712076479,67.83104431018744,89.08378458780369,27.341624303774704,129.57320459421643,5.381016962246315,0.8222162206598718,28.083633784204658,4.763835484488336,0.1696303092788407,6.993932975223189,31.873704975578427,0.13375932041588,6.09770942014507,0.19053001277824813,0.8516520758548222,0,1,1,0.0,0.0029631890382721786,0,0.305,0.38,0,84.65757445688426,4.462742434961287,4032.5510171286664,0.9534246575342465,0.04514101777397193,-0.9989806246941579,0.8660095720371669,1.18375373012328,1.5016270397419416,20,0.922986572263252,0.09129356562164137,0.12549367577932394,0.14419342558735984,0.525385615164999,564.7215410069578,1,0.998911266191105,0.6000000000000001,16.762261602707774,0
SUP_130,0.32712630992088854,0.21406511060137953,0.1765887332279287,3.0923421257235804,-0.1801199562744182,69.47294736499707,38.9375206055492,19.483467603165423,88.92700036738086,5.253843601630466,0.8425496632092819,16.97045831006011,2.215678515443272,0.13056091208390141,7.303843225277705,62.6666242275427,0.6326905444209715,2.8360684997673884,0.12165612354839442,0.8897660850520296,0,1,1,0.0,0.0029631890382721786,0,0.305,0.38,0,123.7650387603957,4.712223314857738,4072.861893772668,0.9397260273972603,0.04514101777397193,-0.9989806246941579,0.7605508733601297,1.1026801844254701,3.5714885103612684,18,0.9410853451844039,0.06272494652614989,0.08292832376727773,-0.002993698782278694,0.475662960536345,373.17745695274976,1,0.8507981784574979,0.6000000000000001,44.04736602364622,1
SUP_131,0.9512204875726589,2.2619351785217194,0.11307479205656228,3.1069083649275813,-0.01719596942081267,12.049670960072731,55.576955600540714,14.386721438395304,53.23990512221814,30.291283571928908,0.9509225023523468,26.34016823045379,6.332427329672932,0.2404095248849455,7.8898337513942955,59.7690163067094,0.2740747670796231,8.105506981981353,0.1174704082355184,0.9893813296505213,0,2,2,0.0,0.0029631890382721786,0,0.305,0.38,0,242.38797198322905,4.32018242403811,4177.83691006778,0.958904109589041,0.04514101777397193,-0.9989806246941579,0.7139775907838173,1.2836391064001322,0.5539326501312206,18,0.9114702971983315,0.21387033086593857,0.22456384740923552,-0.13802313331997154,0.5273964583615833,1010.5373133415598,0,0.06180277859539718,0.6000000000000001,32.12984953507246,1
SUP_132,4.050215828712903,1.0027348646861671,0.10877440487693825,1.1365686132258106,0.4898987558769353,143.5518733732611,101.19526171940801,210.9772234257796,33.7699116668895,2.54263487771374,0.743594943440284,11.438241610095076,2.586558664289736,0.22613254313555595,7.446585099157725,53.687951469097015,0.4760688598023675,3.310795090290862,0.05521805514426448,0.7929152133069016,0,2,2,0.0,0.0029631890382721786,0,0.305,0.38,0,131.92109455476788,3.509818895384563,4201.549093222268,0.9616438356164384,0.04514101777397193,-0.9989806246941579,0.661743549198183,1.2550702517308219,0.9790623653431505,17,0.8318038073466756,0.020766087257431114,0.036334551163716575,-0.47180115945640927,0.4662668048403073,163.5054802367246,0,0.0057444445925990935,0.4,35.757246381709834,0
SUP_133,5.257179108241934,0.7083769361216228,0.3343258636848661,4.8074449974313636,1.1271986104927338,174.07233598570346,124.57127482936056,54.99084191537511,243.65276889968888,2.0968294469833357,0.8340989837145995,14.926168245736276,1.471230137108712,0.09856716827032787,7.591861714889934,70.7626511368883,0.2889366763748069,1.8831745754991513,0.1968209958698156,0.8670102503673839,0,3,3,0.0,0.0029631890382721786,0,0.305,0.38,0,111.69368956197457,3.89520983599786,4147.336708625301,0.947945205479452,0.04514101777397193,-0.9989806246941579,0.6817890178737329,1.181999664959912,2.06661184322322,19,0.8634935863395121,0.0069428280789848385,0.010122049165387979,0.556071366694258,0.43592345162904245,45.549221244245906,1,0.9999999993011577,0.4,36.97316074599953,0
SUP_134,1.8242134248488584,0.8785869462857099,0.16330319742525135,6.970984038760773,0.0988511768882581,51.56850852531676,12.050107888320719,59.81794257349406,3.8006738401434177,7.077963090997851,0.9372616561232184,19.310099736127714,3.143350173383749,0.16278270005528672,7.789040401657477,57.24774304023602,0.2451267177657268,4.023488221931199,0.17365444149611614,0.9783500354055162,0,2,2,0.0,0.0029631890382721786,0,0.305,0.38,0,199.80537963516815,6.229213093572684,4110.110041315509,0.9506849315068493,0.04514101777397193,-0.9989806246941579,0.6366465410571486,1.4229313725481778,1.6648604879758029,16,1.0,0.051897057509462795,0.054491910384935935,-0.3892154384814452,0.5311083633947875,245.2135967322117,0,0.00013638181247174603,0.6000000000000001,30.252898749066212,1
SUP_135,0.85144497587695,0.36087276072728286,1.0558101542542786,4.006082842808666,-0.19180810830732853,14.606847492396945,528.573222483423,162.3343250276774,380.8457449481425,24.988280338381525,0.985928030608354,25.23255562503305,2.8753492389823485,0.11395394432935417,7.900266036767701,84.37159974658714,0.0654617592586106,3.680447025897406,0.24134241073758925,1.0,0,3,3,0.0,0.0029631890382721786,0,0.305,0.38,0,81.20548369049226,5.591968917104051,4323.429893195667,0.9561643835616438,0.04514101777397193,-0.9989806246941579,0.6752612835331614,1.3998638401124608,0.7674434087641759,15,1.0,0.019762736770025505,0.019762736770025505,0.9348608399814572,0.49508138664702894,88.93231546511477,1,1.0,0.4,35.712492676393175,0
SUP_136,0.6139823508637177,0.4767609088039664,0.15573602082914997,5.734886242192634,-0.09315267787359445,70.16125953917306,21.151555446875708,77.81871629581187,13.494098690236896,5.2023011330948234,0.7925347609199724,11.760600853258662,3.834312165425637,0.32603029498813524,7.831220214604293,69.22339358790754,0.5887787881086731,4.907919571744816,0.10320196657833496,0.8065090600636137,0,2,2,0.0,0.0029631890382721786,0,0.305,0.38,0,257.27037034040353,5.931747891083683,4782.679673067301,0.9671232876712329,0.04514101777397193,-0.9989806246941579,0.6130529049888289,1.268297074323173,1.7537545302383157,20,1.0,0.06834044703800088,0.0974244766402922,-0.37482132372334687,0.5675712892302553,438.410144881315,0,0.0004579750992754632,0.6000000000000001,45.352721078423215,0
SUP_137,2.859414859115978,1.3312338069498404,0.8409434389185287,4.034024907153619,0.7424175603818083,24.3681672003136,37.53470766337784,87.29336843606907,-25.390493572377636,14.978557763478525,0.9103580042530676,14.157638349421392,2.949630250310316,0.2083419690142646,7.586803535162581,22.335461842088243,0.6061498077986649,3.7755267203972047,0.24585303200159786,0.921330977737962,0,1,1,0.0,0.0029631890382721786,0,0.305,0.38,0,35.14297920668891,5.533766845705524,4880.13033802283,0.9808219178082191,0.04514101777397193,-0.9989806246941579,0.608336803767853,1.1425992368247941,0.5827068121406859,19,1.0,0.020355222708307884,0.022390744979138674,-0.5412982189430244,0.5158083232073409,100.75835240612403,0,3.549104479278076e-06,0.4,27.118678970795244,0
SUP_138,1.5530377767379842,0.6989396588027466,0.42802280522541836,7.999499891743959,0.34923110615194086,10.922180361319674,216.90822122890614,90.48764758712623,137.34275400309957,33.41823591309921,0.9798139744910536,29.42360909385729,4.628451573773324,0.1573040057393774,7.793174347189205,37.89054676740554,0.4756633187803848,5.924418014429855,0.15578495196839748,1.0,0,3,3,0.0,0.0029631890382721786,0,0.305,0.38,0,175.39699644797733,3.5818376896080872,4668.845339668673,0.9643835616438357,0.04514101777397193,-0.9989806246941579,0.5826411050840663,1.3492968004306714,1.9859770874484906,19,0.8403755497827265,0.03801585983077125,0.03801585983077125,0.08579296499868933,0.4630664461244977,171.07136923847062,1,0.9995874927772784,0.4,29.42611827037376,0
SUP_139,0.8069102767568667,1.6050780534903655,0.13737196306231847,1.5151583448015915,-0.10877806970348809,31.20589868680236,123.72808264996085,7.9017145113210825,147.03226682544215,11.696506601630615,0.9366460905802472,9.97815738691345,2.417471315975259,0.2422763264032917,7.766840537085513,23.286347217370032,0.4258742118061562,3.094363284448332,0.25459851569373515,0.9777716134019789,0,1,1,0.0,0.0029631890382721786,0,0.305,0.38,0,68.86856045768803,4.005710853535595,4481.360597602697,0.9780821917808219,0.04514101777397193,-0.9989806246941579,0.6044942413696738,1.4485353632643443,1.489080976417089,25,0.8896121812439703,0.1437804859852182,0.15815853458374002,0.23619381019147964,0.445740636022407,711.7134056268301,1,0.9998771020545373,0.6000000000000001,22.0907652411327,0
SUP_140,1.373318861838962,0.4575594264085086,0.282229423987268,9.585141647651806,0.18176215272363253,74.20424201683147,140.07571831233437,144.68166793257953,69.59829239658632,4.918856255107469,0.7367458976082859,14.520624151256236,6.938056827109824,0.4778070663380944,6.335054251498059,55.58196462468218,0.4903432262011216,8.880712738700575,0.0929683570431561,0.7505638975467429,0,1,1,0.0,0.0029631890382721786,0,0.305,0.38,0,71.71880897160236,3.642388505924661,4076.516451354016,0.9698630136986301,0.04514101777397193,-0.9989806246941579,0.6354862778769366,1.4488921490188265,1.7040044320958523,19,0.8491703574417812,0.04072689233419949,0.06768151998102602,-0.246993686960002,0.5613613081525599,304.5668399146171,0,0.3373304467602395,0.6000000000000001,36.94308263590652,0
SUP_141,1.9152961980935594,1.5089415466412779,0.41525661019065707,11.419695096826938,0.22764140629639104,27.162886793595952,41.37308257773519,103.5588764292925,-35.02290705796136,13.437452461277205,0.965729854382612,27.70517877386556,3.0729093869723565,0.11091462040559176,7.083387847625295,34.949594007610635,0.2967823832397387,3.9333240153246165,0.10796543018548142,0.9997456529542456,0,3,3,0.0,0.0029631890382721786,0,0.305,0.38,0,247.14173030093573,6.33826740391812,4195.097739603537,0.9753424657534246,0.04514101777397193,-0.9989806246941579,0.5530198565455602,1.2554147178031454,3.0948781388445874,20,1.0,0.06015429949564883,0.06015429949564883,-0.600537889380626,0.5339871924384151,270.69434773041974,0,1.0646500047039024e-06,0.6000000000000001,22.883309100236417,0
SUP_142,2.165568581430803,1.0844253708495648,0.3815732005383341,9.716441939153677,0.2538226754283235,81.53542366061248,160.9131676900904,68.00637633326878,174.4422150174341,4.476581878317036,0.8700582693370763,8.66046930727958,4.0005279942160055,0.46192970060564165,7.75190533307861,52.80023659950022,0.120368088680267,5.120675832596487,0.21327644692330675,0.8975134496701896,0,1,1,0.0,0.0029631890382721786,0,0.305,0.38,0,63.29568533242677,6.669458563158434,4315.40118085484,0.989041095890411,0.04514101777397193,-0.9989806246941579,0.5944229410508426,1.1409269501042272,1.2842507449199025,12,1.0,0.04018943315015371,0.051900087397875536,0.2643297340279224,0.5866902297000528,233.55039329043993,1,0.9999960042564381,0.6000000000000001,24.731137300208097,0
SUP_143,1.6272627554171788,0.5950475473719831,0.44455642645621873,4.311947482022811,0.4529450584079247,128.9820457655769,157.50489218100574,92.18341364640186,194.3035243001808,2.8298512233507482,0.9544673385856304,26.712639616332552,2.469628781439771,0.09245169391383541,7.778211474512493,80.73814751897369,0.4634525922489377,3.161124840242907,0.15707378881977951,0.9949477204454639,0,1,1,0.0,0.0029631890382721786,0,0.305,0.38,0,50.43112011914893,7.11237571911076,4484.717110851821,0.9726027397260274,0.04514101777397193,-0.9989806246941579,0.726152708239765,1.1284392369070502,3.3139642911511076,19,1.0,0.033212222474507856,0.043552623818449564,0.3115262917988241,0.5505829430120528,195.98680718302305,1,0.9999996662724419,0.4,46.198836775057615,0
SUP_144,0.2933760871367176,1.6229777420845304,0.053157476888431136,1.5187200684092568,-0.17194835165077288,90.92393435002049,7.811360870457038,79.46147795317873,19.273817267298796,4.014344546452391,0.936830173306577,21.25433627547601,4.423323069869788,0.20811391202902776,7.554858521040676,23.965464295350667,0.2226987793109635,5.661853529433329,0.06824290462071247,0.9705786438314631,0,3,3,0.0,0.0029631890382721786,0,0.305,0.38,0,504.5675348472163,3.7233313742578473,4448.014655148186,1.0,0.04514101777397193,-0.9989806246941579,0.7273565182837326,1.2210446434514473,2.993890012544203,17,0.8723331374257848,0.19590385815550468,0.22183702911000436,-0.353401939566588,0.481417024835105,998.2666309950197,0,0.0009427437701453259,0.6000000000000001,16.267149097469172,1
SUP_145,1.5741118071130233,0.5194271289229724,0.39352470388258093,8.98742080121128,0.5670395734995479,13.637865306271557,85.48041103016858,52.974247701262435,46.14402863517771,26.763719380052084,0.8230670081506545,12.977993460070095,5.561832128772809,0.42855870947116115,7.3901814282264295,35.16663347220623,0.4251981019726723,7.1191451248291955,0.5047865790687576,0.8727458056381517,0,2,2,0.0,0.0029631890382721786,0,0.305,0.38,0,73.57772084014115,5.683301135135077,4492.56264119453,0.9835616438356164,0.04514101777397193,-0.9989806246941579,0.7408008331823656,1.3453204720505045,1.3191700214927105,14,1.0,0.034100628441195054,0.04367604997302687,-0.21764226548552998,0.5914291916339571,196.5422248786209,0,0.02641645778525963,0.4,26.82259644806266,0
SUP_146,5.429173187753,1.1222844363608615,0.11517424331878136,2.5376788058590654,0.2771172722671322,28.74158724009763,18.539034181534742,124.53236880784591,-77.25174738621354,12.699368234291022,0.8682293696578882,10.780501292924676,1.3754166177377043,0.12758373477867868,7.5745584842024805,60.47759834903416,0.5340545382734757,1.7605332707042616,0.036288426988179856,0.9086361462715616,0,2,2,0.0,0.0029631890382721786,0,0.305,0.38,0,308.9481761664504,5.610448817285076,4535.039763984333,0.9945205479452055,0.04514101777397193,-0.9989806246941579,0.7821084502759312,1.2031967028773844,1.135763460830283,6,1.0,0.011487200938748866,0.013156427829757962,-0.7928376692228069,0.49885830401445547,59.20392523391083,0,5.42923048395131e-09,0.4,40.21267548781793,0
SUP_147,1.1015934616282708,1.0897385471774372,0.1666870705636973,6.090862288020822,0.018615431300451676,102.07368341361766,59.34736088439092,80.12519164962212,81.29585264838646,3.5758482283917,0.914187602262824,8.543051458940862,3.485347682514658,0.4079745626332396,7.890956716138919,55.53526133926209,0.5538922113220931,4.461245033618763,0.059448862444403366,0.941416341689077,0,3,3,0.0,0.0029631890382721786,0,0.305,0.38,0,514.6884572136418,6.51178411470413,4470.991145226002,0.9972602739726028,0.04514101777397193,-0.9989806246941579,0.8283895817294534,1.172679802797584,1.8939161923293284,18,1.0,0.08478577536638889,0.09848801453716322,-0.11272222424662864,0.5640969457055236,443.1960654172345,1,0.6871828503371006,0.6000000000000001,38.83087087536763,0
SUP_148,1.707294175082492,0.5064075780021944,0.5118090918172526,8.017190039747993,0.5746477960653635,72.88375373063278,72.8806139040009,60.132329208908786,85.6320384257249,5.007974772388703,0.9384885727096792,21.51868710525589,4.861531169442026,0.22592136526092282,6.498282149476434,36.48631110841249,0.503800561749732,6.222759896885793,0.3661125525533755,0.9615179388353353,0,3,3,0.0,0.0029631890382721786,0,0.305,0.38,0,128.84226727573292,6.7257949395116,4413.777156382822,0.9917808219178083,0.04514101777397193,-0.9989806246941579,0.8111798038284029,1.289491798081986,2.206022474723076,24,1.0,0.027580134156379093,0.029404146747314567,-0.07052864172047242,0.5928809372092627,132.31866036291555,1,0.7906759699223496,0.4,29.708541295856953,0
SUP_149,0.36372847872563613,0.6649585326021134,0.1787657931195875,4.154533641013718,-0.6111702221100299,27.243802782640383,81.28495022024362,29.818940958978608,78.7098120439054,13.39754229290546,0.5520592062170527,28.33359404126855,4.102219927950982,0.1447829005376445,7.640123172695364,52.43312259939479,0.2409572248314355,5.250841507777257,0.5153469314568725,0.5621608505619734,0,2,2,0.0,0.0029631890382721786,0,0.305,0.38,0,69.40021930963465,5.532095746736032,4736.117357027834,0.9863013698630136,0.04514101777397193,-0.9989806246941579,0.8225564875514937,1.1101403601968143,3.6883014861033754,19,1.0,0.08592668373480819,0.17991521355902487,-0.0590647907593627,0.6118312509171236,809.618461015612,0,0.6138978336498978,0.6000000000000001,28.20196578470098,1
